# protein_xref_1	protein_xref_2	alternative_identifiers_1	alternative_identifiers_2	protein_alias_1	protein_alias_2	detection_method	author_name	pmid	protein_taxid_1	protein_taxid_2	interaction_type	source_database_id	database_identifier	confidence	protein_xref_1_unique	protein_xref_2_unique	protein_taxid_1_cat	protein_taxid_2_cat	protein_taxid_1_name	protein_taxid_2_name	protein_seq1	protein_seq2	source_database	protein_xref_1_display_id	protein_xref_2_display_id	uniprot_AC_1	uniprot_AC_2	batOrthologExists
dip:DIP-24261N|uniprotkb:P62988	dip:DIP-29816N|refseq:NP_066245|uniprotkb:A9QPL8	-	-	-	-	psi-mi:MI:0006(anti bait coimmunoprecipitation)	-	pubmed:18305167|imex:IM-9176	9606	186538	psi-mi:MI:0915(physical association)	psi-mi:MI:0465(dip)	dip:DIP-59303E|imex:IM-9176-2	-	UNIPROT_AC:P62988	UNIPROT_AC:A9QPL8	ANIMAL	VIRUS	Homo sapiens	Zaire ebolavirus	MQIFVKTLTGKTITLEVEPSDTIENVKAKIQDKEGIPPDQQRLIFAGKQLEDGRTLSDYNIQKESTLHLVLRLRGGIIEPSLRQLAQKYNCDKMICRKCYARLHPRAVNCRKKKCGHTNNLRPKKKVK	MRRVILPTAPPEYMEAIYPVRSNSTIARGGNSNTGFLTPESVNGDTPSNPLRPIADDTIDHASHTPGSVSSAFILEAMVNVISGPKVLMKQIPIWLPLGVADQKTYSFDSTTAAIMLASYTITHFGKATNPLVRVNRLGPGIPDHPLRLLRIGNQAFLQEFVLPPVQLPQYFTFDLTALKLITQPLPAATWTDDTPTGSNGALRPGISFHPKLRPILLPNKSGKKGNSADLTSPEKIQAIMTSLQDFKIVPIDPTKNIMGIEVPETLVHKLTGKKVTSKNGQPIIPVLLPKYIGLDPVAPGDLTMVITQDCDTCHSPASLPAVIEK	DIP	RL40_HUMAN	A9QPL8_9MONO	P62988	A9QPL8	False
uniprotkb:P35637	uniprotkb:Q05127	intact:EBI-400434|uniprotkb:Q9H4A8	intact:EBI-6148294|uniprotkb:Q8JS63|uniprotkb:Q77LU7	psi-mi:fus_human(display_long)|uniprotkb:FUS(gene name)|psi-mi:FUS(display_short)|uniprotkb:TLS(gene name synonym)|uniprotkb:Oncogene FUS(gene name synonym)|uniprotkb:Oncogene TLS(gene name synonym)|uniprotkb:Translocated in liposarcoma protein(gene name synonym)|uniprotkb:POMp75(gene name synonym)|uniprotkb:75 kDa DNA-pairing protein(gene name synonym)	psi-mi:vp35_ebozm(display_long)|uniprotkb:VP35(gene name)|psi-mi:VP35(display_short)	psi-mi:MI:0676(tandem affinity purification)	Pichlmair et al. (2012)	pubmed:22810585|imex:IM-17331	9606	128952	psi-mi:MI:0914(association)	psi-mi:MI:0469(IntAct)	intact:EBI-6158326|imex:IM-17331-53	intact-miscore:0.35	UNIPROT_AC:P35637	UNIPROT_AC:Q05127	ANIMAL	VIRUS	human|Homo sapiens	ebozm|Zaire ebolavirus (strain Mayinga-76)	MASNDYTQQATQSYGAYPTQPGQGYSQQSSQPYGQQSYSGYSQSTDTSGYGQSSYSSYGQSQNTGYGTQSTPQGYGSTGGYGSSQSSQSSYGQQSSYPGYGQQPAPSSTSGSYGSSSQSSSYGQPQSGSYSQQPSYGGQQQSYGQQQSYNPPQGYGQQNQYNSSSGGGGGGGGGGNYGQDQSSMSSGGGSGGGYGNQDQSGGGGSGGYGQQDRGGRGRGGSGGGGGGGGGGYNRSSGGYEPRGRGGGRGGRGGMGGSDRGGFNKFGGPRDQGSRHDSEQDNSDNNTIFVQGLGENVTIESVADYFKQIGIIKTNKKTGQPMINLYTDRETGKLKGEATVSFDDPPSAKAAIDWFDGKEFSGNPIKVSFATRRADFNRGGGNGRGGRGRGGPMGRGGYGGGGSGGGGRGGFPSGGGGGGGQQRAGDWKCPNPTCENMNFSWRNECNQCKAPKPDGPGGGPGGSHMGGNYGDDRRGGRGGYDRGGYRGRGGDRGGFRGGRGGGDRGGFGPGKMDSRGEHRQDRRERPY	MTTRTKGRGHTAATTQNDRMPGPELSGWISEQLMTGRIPVSDIFCDIENNPGLCYASQMQQTKPNPKTRNSQTQTDPICNHSFEEVVQTLASLATVVQQQTIASESLEQRITSLENGLKPVYDMAKTISSLNRVCAEMVAKYDLLVMTTGRATATAAATEAYWAEHGQPPPGPSLYEESAIRGKIESRDETVPQSVREAFNNLNSTTSLTEENFGKPDISAKDLRNIMYDHLPGFGTAFHQLVQVICKLGKDSNSLDIIHAEFQASLAEGDSPQCALIQITKRVPIFQDAAPPVIHIRSRGDIPRACQKSLRPVPPSPKIDRGWVCVFQLQDGKTLGLKI	IntAct	FUS_HUMAN	VP35_EBOZM	P35637	Q05127	False
uniprotkb:Q8N257	uniprotkb:Q05127	intact:EBI-6150245|uniprotkb:Q5TA30|uniprotkb:Q3ZCP6|uniprotkb:A4FU05	intact:EBI-6148294|uniprotkb:Q8JS63|uniprotkb:Q77LU7	psi-mi:h2b3b_human(display_long)|uniprotkb:HIST3H2BB(gene name)|psi-mi:HIST3H2BB(display_short)|uniprotkb:H2B type 12(gene name synonym)	psi-mi:vp35_ebozm(display_long)|uniprotkb:VP35(gene name)|psi-mi:VP35(display_short)	psi-mi:MI:0676(tandem affinity purification)	Pichlmair et al. (2012)	pubmed:22810585|imex:IM-17331	9606	128952	psi-mi:MI:0914(association)	psi-mi:MI:0469(IntAct)	intact:EBI-6158326|imex:IM-17331-53	intact-miscore:0.35	UNIPROT_AC:Q8N257	UNIPROT_AC:Q05127	ANIMAL	VIRUS	human|Homo sapiens	ebozm|Zaire ebolavirus (strain Mayinga-76)	MPDPSKSAPAPKKGSKKAVTKAQKKDGKKRKRGRKESYSIYVYKVLKQVHPDTGISSKAMGIMNSFVNDIFERIASEASRLAHYNKRSTITSREVQTAVRLLLPGELAKHAVSEGTKAVTKYTSSK	MTTRTKGRGHTAATTQNDRMPGPELSGWISEQLMTGRIPVSDIFCDIENNPGLCYASQMQQTKPNPKTRNSQTQTDPICNHSFEEVVQTLASLATVVQQQTIASESLEQRITSLENGLKPVYDMAKTISSLNRVCAEMVAKYDLLVMTTGRATATAAATEAYWAEHGQPPPGPSLYEESAIRGKIESRDETVPQSVREAFNNLNSTTSLTEENFGKPDISAKDLRNIMYDHLPGFGTAFHQLVQVICKLGKDSNSLDIIHAEFQASLAEGDSPQCALIQITKRVPIFQDAAPPVIHIRSRGDIPRACQKSLRPVPPSPKIDRGWVCVFQLQDGKTLGLKI	IntAct	H2B3B_HUMAN	VP35_EBOZM	Q8N257	Q05127	False
uniprotkb:Q32P51	uniprotkb:Q05127	intact:EBI-2556580|uniprotkb:Q5TBS2	intact:EBI-6148294|uniprotkb:Q8JS63|uniprotkb:Q77LU7	psi-mi:ra1l2_human(display_long)|uniprotkb:HNRNPA1L(gene name synonym)|uniprotkb:HNRNPA1L2(gene name)|psi-mi:HNRNPA1L2(display_short)|uniprotkb:hnRNP core protein A1-like 2(gene name synonym)	psi-mi:vp35_ebozm(display_long)|uniprotkb:VP35(gene name)|psi-mi:VP35(display_short)	psi-mi:MI:0676(tandem affinity purification)	Pichlmair et al. (2012)	pubmed:22810585|imex:IM-17331	9606	128952	psi-mi:MI:0914(association)	psi-mi:MI:0469(IntAct)	intact:EBI-6158326|imex:IM-17331-53	intact-miscore:0.35	UNIPROT_AC:Q32P51	UNIPROT_AC:Q05127	ANIMAL	VIRUS	human|Homo sapiens	ebozm|Zaire ebolavirus (strain Mayinga-76)	MSKSASPKEPEQLRKLFIGGLSFETTDESLRSHFEQWGTLTDCVVMRDPNTKRSRGFGFVTYATVEEVDAAMNTTPHKVDGRVVEPKRAVSREDSQRPGAHLTVKKIFVGGIKEDTEEHHLRDYFEQYGKIEVIEIMTDRGSGKKRGFAFVTFDDHDSVDKIVIQKYHTVKGHNCEVRKALPKQEMASASSSQRGRRGSGNFGGGRGDGFGGNDNFGRGGNFSGRGGFGGSCGGGGYGGSGDGYNGFGNDGSNFGGGGSYNDFGNYNNQSSNFGPMKGGNFGGRSSGPYGGGGQYFAKPQNQGGYGVSSSSSSYGSGRRF	MTTRTKGRGHTAATTQNDRMPGPELSGWISEQLMTGRIPVSDIFCDIENNPGLCYASQMQQTKPNPKTRNSQTQTDPICNHSFEEVVQTLASLATVVQQQTIASESLEQRITSLENGLKPVYDMAKTISSLNRVCAEMVAKYDLLVMTTGRATATAAATEAYWAEHGQPPPGPSLYEESAIRGKIESRDETVPQSVREAFNNLNSTTSLTEENFGKPDISAKDLRNIMYDHLPGFGTAFHQLVQVICKLGKDSNSLDIIHAEFQASLAEGDSPQCALIQITKRVPIFQDAAPPVIHIRSRGDIPRACQKSLRPVPPSPKIDRGWVCVFQLQDGKTLGLKI	IntAct	RA1L2_HUMAN	VP35_EBOZM	Q32P51	Q05127	False
uniprotkb:Q5VTE0	uniprotkb:Q05322	intact:EBI-877809	intact:EBI-6153153|uniprotkb:Q8JS60|uniprotkb:Q9DQD2|uniprotkb:Q773N1	psi-mi:ef1a3_human(display_long)|uniprotkb:EEF1A1P5(gene name)|psi-mi:EEF1A1P5(display_short)|uniprotkb:Eukaryotic elongation factor 1 A-like 3(gene name synonym)|uniprotkb:EEF1AL3(gene name synonym)|uniprotkb:Eukaryotic translation elongation factor 1 alpha-1 pseudogene 5(gene name synonym)	psi-mi:vp24_ebozm(display_long)|uniprotkb:VP24(gene name)|psi-mi:VP24(display_short)	psi-mi:MI:0676(tandem affinity purification)	Pichlmair et al. (2012)	pubmed:22810585|imex:IM-17331	9606	128952	psi-mi:MI:0914(association)	psi-mi:MI:0469(IntAct)	intact:EBI-6159823|imex:IM-17331-68	intact-miscore:0.35	UNIPROT_AC:Q5VTE0	UNIPROT_AC:Q05322	ANIMAL	VIRUS	human|Homo sapiens	ebozm|Zaire ebolavirus (strain Mayinga-76)	MGKEKTHINIVVIGHVDSGKSTTTGHLIYKCGGIDKRTIEKFEKEAAEMGKGSFKYAWVLDKLKAERERGITIDISLWKFETSKYYVTIIDAPGHRDFIKNMITGTSQADCAVLIVAAGVGEFEAGISKNGQTREHALLAYTLGVKQLIVGVNKMDSTEPPYSQKRYEEIVKEVSTYIKKIGYNPDTVAFVPISGWNGDNMLEPSANMPWFKGWKVTRKDGNASGTTLLEALDCILPPTRPTDKPLRLPLQDVYKIGGIGTVPVGRVETGVLKPGMVVTFAPVNVTTEVKSVEMHHEALSEALPGDNVGFKVKNVSVKDVRRGNVAGDSKNDPPMEAAGFTAQVIILNHPGQISAGYAPVLDCHMAHIACKFAELKEKIDRRSGKKLEDGPKFLKSGDAAIVDMVPGKPMCVESFSDYPPLGRFAVRDMRQTVAVGVIKAVDKKAAGAGKVTKSAQKAQKAK	MAKATGRYNLISPKKDLEKGVVLSDLCNFLVSQTIQGWKVYWAGIEFDVTHKGMALLHRLKTNDFAPAWSMTRNLFPHLFQNPNSTIESPLWALRVILAAGIQDQLIDQSLIEPLAGALGLISDWLLTTNTNHFNMRTQRVKEQLSLKMLSLIRSNILKFINKLDALHVVNYNGLLSSIEIGTQNHTIIITRTNMGFLVELQEPDKSAMNRMKPGPAKFSLLHESTLKAFTQGSSTRMQSLILEFNSSLAI	IntAct	EF1A3_HUMAN	VP24_EBOZM	Q5VTE0	Q05322	False
uniprotkb:P31943	uniprotkb:Q05127	intact:EBI-351590|uniprotkb:Q6IBM4|uniprotkb:B3KW86|uniprotkb:D3DWQ2	intact:EBI-6148294|uniprotkb:Q8JS63|uniprotkb:Q77LU7	psi-mi:hnrh1_human(display_long)|uniprotkb:HNRNPH1(gene name)|psi-mi:HNRNPH1(display_short)|uniprotkb:HNRPH(gene name synonym)|uniprotkb:HNRPH1(gene name synonym)	psi-mi:vp35_ebozm(display_long)|uniprotkb:VP35(gene name)|psi-mi:VP35(display_short)	psi-mi:MI:0676(tandem affinity purification)	Pichlmair et al. (2012)	pubmed:22810585|imex:IM-17331	9606	128952	psi-mi:MI:0914(association)	psi-mi:MI:0469(IntAct)	intact:EBI-6158326|imex:IM-17331-53	intact-miscore:0.35	UNIPROT_AC:P31943	UNIPROT_AC:Q05127	ANIMAL	VIRUS	human|Homo sapiens	ebozm|Zaire ebolavirus (strain Mayinga-76)	MMLGTEGGEGFVVKVRGLPWSCSADEVQRFFSDCKIQNGAQGIRFIYTREGRPSGEAFVELESEDEVKLALKKDRETMGHRYVEVFKSNNVEMDWVLKHTGPNSPDTANDGFVRLRGLPFGCSKEEIVQFFSGLEIVPNGITLPVDFQGRSTGEAFVQFASQEIAEKALKKHKERIGHRYIEIFKSSRAEVRTHYDPPRKLMAMQRPGPYDRPGAGRGYNSIGRGAGFERMRRGAYGGGYGGYDDYNGYNDGYGFGSDRFGRDLNYCFSGMSDHRYGDGGSTFQSTTGHCVHMRGLPYRATENDIYNFFSPLNPVRVHIEIGPDGRVTGEADVEFATHEDAVAAMSKDKANMQHRYVELFLNSTAGASGGAYEHRYVELFLNSTAGASGGAYGSQMMGGMGLSNQSSYGGPASQQLSGGYGGGYGGQSSMSGYDQVLQENSSDFQSNIA	MTTRTKGRGHTAATTQNDRMPGPELSGWISEQLMTGRIPVSDIFCDIENNPGLCYASQMQQTKPNPKTRNSQTQTDPICNHSFEEVVQTLASLATVVQQQTIASESLEQRITSLENGLKPVYDMAKTISSLNRVCAEMVAKYDLLVMTTGRATATAAATEAYWAEHGQPPPGPSLYEESAIRGKIESRDETVPQSVREAFNNLNSTTSLTEENFGKPDISAKDLRNIMYDHLPGFGTAFHQLVQVICKLGKDSNSLDIIHAEFQASLAEGDSPQCALIQITKRVPIFQDAAPPVIHIRSRGDIPRACQKSLRPVPPSPKIDRGWVCVFQLQDGKTLGLKI	IntAct	HNRH1_HUMAN	VP35_EBOZM	P31943	Q05127	False
uniprotkb:P12036	uniprotkb:Q05127	intact:EBI-2880271|uniprotkb:Q9UQ14|uniprotkb:Q9UJS7|uniprotkb:Q96HF8|uniprotkb:B4DYY4	intact:EBI-6148294|uniprotkb:Q8JS63|uniprotkb:Q77LU7	psi-mi:nfh_human(display_long)|uniprotkb:NEFH(gene name)|psi-mi:NEFH(display_short)|uniprotkb:KIAA0845(gene name synonym)|uniprotkb:NFH(gene name synonym)|uniprotkb:200 kDa neurofilament protein(gene name synonym)|uniprotkb:Neurofilament triplet H protein(gene name synonym)	psi-mi:vp35_ebozm(display_long)|uniprotkb:VP35(gene name)|psi-mi:VP35(display_short)	psi-mi:MI:0676(tandem affinity purification)	Pichlmair et al. (2012)	pubmed:22810585|imex:IM-17331	9606	128952	psi-mi:MI:0914(association)	psi-mi:MI:0469(IntAct)	intact:EBI-6156559|imex:IM-17331-34	intact-miscore:0.35	UNIPROT_AC:P12036	UNIPROT_AC:Q05127	ANIMAL	VIRUS	human|Homo sapiens	ebozm|Zaire ebolavirus (strain Mayinga-76)	MMSFGGADALLGAPFAPLHGGGSLHYALARKGGAGGTRSAAGSSSGFHSWTRTSVSSVSASPSRFRGAGAASSTDSLDTLSNGPEGCMVAVATSRSEKEQLQALNDRFAGYIDKVRQLEAHNRSLEGEAAALRQQQAGRSAMGELYEREVREMRGAVLRLGAARGQLRLEQEHLLEDIAHVRQRLDDEARQREEAEAAARALARFAQEAEAARVDLQKKAQALQEECGYLRRHHQEEVGELLGQIQGSGAAQAQMQAETRDALKCDVTSALREIRAQLEGHAVQSTLQSEEWFRVRLDRLSEAAKVNTDAMRSAQEEITEYRRQLQARTTELEALKSTKDSLERQRSELEDRHQADIASYQEAIQQLDAELRNTKWEMAAQLREYQDLLNVKMALDIEIAAYRKLLEGEECRIGFGPIPFSLPEGLPKIPSVSTHIKVKSEEKIKVVEKSEKETVIVEEQTEETQVTEEVTEEEEKEAKEEEGKEEEGGEEEEAEGGEEETKSPPAEEAASPEKEAKSPVKEEAKSPAEAKSPEKEEAKSPAEVKSPEKAKSPAKEEAKSPPEAKSPEKEEAKSPAEVKSPEKAKSPAKEEAKSPAEAKSPEKAKSPVKEEAKSPAEAKSPVKEEAKSPAEVKSPEKAKSPTKEEAKSPEKAKSPEKAKSPEKEEAKSPEKAKSPVKAEAKSPEKAKSPVKAEAKSPEKAKSPVKEEAKSPEKAKSPVKEEAKSPEKAKSPVKEEAKTPEKAKSPVKEEAKSPEKAKSPEKAKTLDVKSPEAKTPAKEEARSPADKFPEKAKSPVKEEVKSPEKAKSPLKEDAKAPEKEIPKKEEVKSPVKEEEKPQEVKVKEPPKKAEEEKAPATPKTEEKKDSKKEEAPKKEAPKPKVEEKKEPAVEKPKESKVEAKKEEAEDKKKVPTPEKEAPAKVEVKEDAKPKEKTEVAKKEPDDAKAKEPSKPAEKKEAAPEKKDTKEEKAKKPEEKPKTEAKAKEDDKTLSKEPSKPKAEKAEKSSSTDQKDSKPPEKATEDKAAKGK	MTTRTKGRGHTAATTQNDRMPGPELSGWISEQLMTGRIPVSDIFCDIENNPGLCYASQMQQTKPNPKTRNSQTQTDPICNHSFEEVVQTLASLATVVQQQTIASESLEQRITSLENGLKPVYDMAKTISSLNRVCAEMVAKYDLLVMTTGRATATAAATEAYWAEHGQPPPGPSLYEESAIRGKIESRDETVPQSVREAFNNLNSTTSLTEENFGKPDISAKDLRNIMYDHLPGFGTAFHQLVQVICKLGKDSNSLDIIHAEFQASLAEGDSPQCALIQITKRVPIFQDAAPPVIHIRSRGDIPRACQKSLRPVPPSPKIDRGWVCVFQLQDGKTLGLKI	IntAct	NFH_HUMAN	VP35_EBOZM	P12036	Q05127	False
uniprotkb:Q71UM5	uniprotkb:Q05322	intact:EBI-355126|uniprotkb:Q9BTJ1	intact:EBI-6153153|uniprotkb:Q8JS60|uniprotkb:Q9DQD2|uniprotkb:Q773N1	psi-mi:rs27l_human(display_long)|uniprotkb:RPS27L(gene name)|psi-mi:RPS27L(display_short)	psi-mi:vp24_ebozm(display_long)|uniprotkb:VP24(gene name)|psi-mi:VP24(display_short)	psi-mi:MI:0676(tandem affinity purification)	Pichlmair et al. (2012)	pubmed:22810585|imex:IM-17331	9606	128952	psi-mi:MI:0914(association)	psi-mi:MI:0469(IntAct)	intact:EBI-6159823|imex:IM-17331-68	intact-miscore:0.35	UNIPROT_AC:Q71UM5	UNIPROT_AC:Q05322	ANIMAL	VIRUS	human|Homo sapiens	ebozm|Zaire ebolavirus (strain Mayinga-76)	MPLARDLLHPSLEEEKKKHKKKRLVQSPNSYFMDVKCPGCYKITTVFSHAQTVVLCVGCSTVLCQPTGGKARLTEGCSFRRKQH	MAKATGRYNLISPKKDLEKGVVLSDLCNFLVSQTIQGWKVYWAGIEFDVTHKGMALLHRLKTNDFAPAWSMTRNLFPHLFQNPNSTIESPLWALRVILAAGIQDQLIDQSLIEPLAGALGLISDWLLTTNTNHFNMRTQRVKEQLSLKMLSLIRSNILKFINKLDALHVVNYNGLLSSIEIGTQNHTIIITRTNMGFLVELQEPDKSAMNRMKPGPAKFSLLHESTLKAFTQGSSTRMQSLILEFNSSLAI	IntAct	RS27L_HUMAN	VP24_EBOZM	Q71UM5	Q05322	False
uniprotkb:P35268	uniprotkb:Q05127	intact:EBI-354533|intact:EBI-1055963|uniprotkb:Q6IBD1|uniprotkb:B2R495	intact:EBI-6148294|uniprotkb:Q8JS63|uniprotkb:Q77LU7	psi-mi:rl22_human(display_long)|uniprotkb:RPL22(gene name)|psi-mi:RPL22(display_short)|uniprotkb:Heparin-binding protein HBp15(gene name synonym)|uniprotkb:Epstein-Barr virus small RNA-associated protein(gene name synonym)|uniprotkb:EBER-associated protein(gene name synonym)	psi-mi:vp35_ebozm(display_long)|uniprotkb:VP35(gene name)|psi-mi:VP35(display_short)	psi-mi:MI:0676(tandem affinity purification)	Pichlmair et al. (2012)	pubmed:22810585|imex:IM-17331	9606	128952	psi-mi:MI:0914(association)	psi-mi:MI:0469(IntAct)	intact:EBI-6158326|imex:IM-17331-53	intact-miscore:0.35	UNIPROT_AC:P35268	UNIPROT_AC:Q05127	ANIMAL	VIRUS	human|Homo sapiens	ebozm|Zaire ebolavirus (strain Mayinga-76)	MAPVKKLVVKGGKKKKQVLKFTLDCTHPVEDGIMDAANFEQFLQERIKVNGKAGNLGGGVVTIERSKSKITVTSEVPFSKRYLKYLTKKYLKKNNLRDWLRVVANSKESYELRYFQINQDEEEEEDED	MTTRTKGRGHTAATTQNDRMPGPELSGWISEQLMTGRIPVSDIFCDIENNPGLCYASQMQQTKPNPKTRNSQTQTDPICNHSFEEVVQTLASLATVVQQQTIASESLEQRITSLENGLKPVYDMAKTISSLNRVCAEMVAKYDLLVMTTGRATATAAATEAYWAEHGQPPPGPSLYEESAIRGKIESRDETVPQSVREAFNNLNSTTSLTEENFGKPDISAKDLRNIMYDHLPGFGTAFHQLVQVICKLGKDSNSLDIIHAEFQASLAEGDSPQCALIQITKRVPIFQDAAPPVIHIRSRGDIPRACQKSLRPVPPSPKIDRGWVCVFQLQDGKTLGLKI	IntAct	RL22_HUMAN	VP35_EBOZM	P35268	Q05127	False
uniprotkb:P51532	uniprotkb:Q05322	intact:EBI-302489|uniprotkb:O95052|uniprotkb:Q9HBD3|uniprotkb:B1A8Z4|uniprotkb:B1A8Z5|uniprotkb:B1A8Z6|uniprotkb:B1A8Z7|uniprotkb:E9PBR8	intact:EBI-6153153|uniprotkb:Q8JS60|uniprotkb:Q9DQD2|uniprotkb:Q773N1	psi-mi:smca4_human(display_long)|uniprotkb:SMARCA4(gene name)|psi-mi:SMARCA4(display_short)|uniprotkb:BRG1(gene name synonym)|uniprotkb:SNF2B(gene name synonym)|uniprotkb:SNF2L4(gene name synonym)|uniprotkb:ATP-dependent helicase SMARCA4(gene name synonym)|uniprotkb:SNF2-beta(gene name synonym)|uniprotkb:BAF190A(gene name synonym)|uniprotkb:Mitotic growth and transcription activator(gene name synonym)|uniprotkb:Protein BRG-1(gene name synonym)|uniprotkb:SWI/SNF-related matrix-associated actin-dependent regulator of chromatin subfamily A member 4(gene name synonym)|uniprotkb:Protein brahma homolog 1(gene name synonym)|uniprotkb:BRG1-associated factor 190A(gene name synonym)	psi-mi:vp24_ebozm(display_long)|uniprotkb:VP24(gene name)|psi-mi:VP24(display_short)	psi-mi:MI:0676(tandem affinity purification)	Pichlmair et al. (2012)	pubmed:22810585|imex:IM-17331	9606	128952	psi-mi:MI:0914(association)	psi-mi:MI:0469(IntAct)	intact:EBI-6159823|imex:IM-17331-68	intact-miscore:0.35	UNIPROT_AC:P51532	UNIPROT_AC:Q05322	ANIMAL	VIRUS	human|Homo sapiens	ebozm|Zaire ebolavirus (strain Mayinga-76)	MSTPDPPLGGTPRPGPSPGPGPSPGAMLGPSPGPSPGSAHSMMGPSPGPPSAGHPIPTQGPGGYPQDNMHQMHKPMESMHEKGMSDDPRYNQMKGMGMRSGGHAGMGPPPSPMDQHSQGYPSPLGGSEHASSPVPASGPSSGPQMSSGPGGAPLDGADPQALGQQNRGPTPFNQNQLHQLRAQIMAYKMLARGQPLPDHLQMAVQGKRPMPGMQQQMPTLPPPSVSATGPGPGPGPGPGPGPGPAPPNYSRPHGMGGPNMPPPGPSGVPPGMPGQPPGGPPKPWPEGPMANAAAPTSTPQKLIPPQPTGRPSPAPPAVPPAASPVMPPQTQSPGQPAQPAPMVPLHQKQSRITPIQKPRGLDPVEILQEREYRLQARIAHRIQELENLPGSLAGDLRTKATIELKALRLLNFQRQLRQEVVVCMRRDTALETALNAKAYKRSKRQSLREARITEKLEKQQKIEQERKRRQKHQEYLNSILQHAKDFKEYHRSVTGKIQKLTKAVATYHANTEREQKKENERIEKERMRRLMAEDEEGYRKLIDQKKDKRLAYLLQQTDEYVANLTELVRQHKAAQVAKEKKKKKKKKKAENAEGQTPAIGPDGEPLDETSQMSDLPVKVIHVESGKILTGTDAPKAGQLEAWLEMNPGYEVAPRSDSEESGSEEEEEEEEEEQPQAAQPPTLPVEEKKKIPDPDSDDVSEVDARHIIENAKQDVDDEYGVSQALARGLQSYYAVAHAVTERVDKQSALMVNGVLKQYQIKGLEWLVSLYNNNLNGILADEMGLGKTIQTIALITYLMEHKRINGPFLIIVPLSTLSNWAYEFDKWAPSVVKVSYKGSPAARRAFVPQLRSGKFNVLLTTYEYIIKDKHILAKIRWKYMIVDEGHRMKNHHCKLTQVLNTHYVAPRRLLLTGTPLQNKLPELWALLNFLLPTIFKSCSTFEQWFNAPFAMTGEKVDLNEEETILIIRRLHKVLRPFLLRRLKKEVEAQLPEKVEYVIKCDMSALQRVLYRHMQAKGVLLTDGSEKDKKGKGGTKTLMNTIMQLRKICNHPYMFQHIEESFSEHLGFTGGIVQGLDLYRASGKFELLDRILPKLRATNHKVLLFCQMTSLMTIMEDYFAYRGFKYLRLDGTTKAEDRGMLLKTFNEPGSEYFIFLLSTRAGGLGLNLQSADTVIIFDSDWNPHQDLQAQDRAHRIGQQNEVRVLRLCTVNSVEEKILAAAKYKLNVDQKVIQAGMFDQKSSSHERRAFLQAILEHEEQDESRHCSTGSGSASFAHTAPPPAGVNPDLEEPPLKEEDEVPDDETVNQMIARHEEEFDLFMRMDLDRRREEARNPKRKPRLMEEDELPSWIIKDDAEVERLTCEEEEEKMFGRGSRHRKEVDYSDSLTEKQWLKAIEEGTLEEIEEEVRQKKSSRKRKRDSDAGSSTPTTSTRSRDKDDESKKQKKRGRPPAEKLSPNPPNLTKKMKKIVDAVIKYKDSSSGRQLSEVFIQLPSRKELPEYYELIRKPVDFKKIKERIRNHKYRSLNDLEKDVMLLCQNAQTFNLEGSLIYEDSIVLQSVFTSVRQKIEKEDDSEGEESEEEEEGEEEGSESESRSVKVKIKLGRKEKAQDRLKGGRRRPSRGSRAKPVVSDDDSEEEQEEDRSGSGSEED	MAKATGRYNLISPKKDLEKGVVLSDLCNFLVSQTIQGWKVYWAGIEFDVTHKGMALLHRLKTNDFAPAWSMTRNLFPHLFQNPNSTIESPLWALRVILAAGIQDQLIDQSLIEPLAGALGLISDWLLTTNTNHFNMRTQRVKEQLSLKMLSLIRSNILKFINKLDALHVVNYNGLLSSIEIGTQNHTIIITRTNMGFLVELQEPDKSAMNRMKPGPAKFSLLHESTLKAFTQGSSTRMQSLILEFNSSLAI	IntAct	SMCA4_HUMAN	VP24_EBOZM	P51532	Q05322	False
uniprotkb:Q8TAQ2	uniprotkb:Q05322	intact:EBI-357418|uniprotkb:Q92923|uniprotkb:Q96E12|uniprotkb:Q96GY4|uniprotkb:F8VTJ5|uniprotkb:Q59GV3|intact:EBI-1759986|intact:EBI-1965079	intact:EBI-6153153|uniprotkb:Q8JS60|uniprotkb:Q9DQD2|uniprotkb:Q773N1	psi-mi:smrc2_human(display_long)|uniprotkb:SMARCC2(gene name)|psi-mi:SMARCC2(display_short)|uniprotkb:BAF170(gene name synonym)|uniprotkb:SWI/SNF-related matrix-associated actin-dependent regulator of chromatin subfamily C member 2(gene name synonym)|uniprotkb:SWI/SNF complex 170 kDa subunit(gene name synonym)|uniprotkb:BRG1-associated factor 170(gene name synonym)	psi-mi:vp24_ebozm(display_long)|uniprotkb:VP24(gene name)|psi-mi:VP24(display_short)	psi-mi:MI:0676(tandem affinity purification)	Pichlmair et al. (2012)	pubmed:22810585|imex:IM-17331	9606	128952	psi-mi:MI:0914(association)	psi-mi:MI:0469(IntAct)	intact:EBI-6159823|imex:IM-17331-68	intact-miscore:0.35	UNIPROT_AC:Q8TAQ2	UNIPROT_AC:Q05322	ANIMAL	VIRUS	human|Homo sapiens	ebozm|Zaire ebolavirus (strain Mayinga-76)	MAVRKKDGGPNVKYYEAADTVTQFDNVRLWLGKNYKKYIQAEPPTNKSLSSLVVQLLQFQEEVFGKHVSNAPLTKLPIKCFLDFKAGGSLCHILAAAYKFKSDQGWRRYDFQNPSRMDRNVEMFMTIEKSLVQNNCLSRPNIFLCPEIEPKLLGKLKDIIKRHQGTVTEDKNNASHVVYPVPGNLEEEEWVRPVMKRDKQVLLHWGYYPDSYDTWIPASEIEASVEDAPTPEKPRKVHAKWILDTDTFNEWMNEEDYEVNDDKNPVSRRKKISAKTLTDEVNSPDSDRRDKKGGNYKKRKRSPSPSPTPEAKKKNAKKGPSTPYTKSKRGHREEEQEDLTKDMDEPSPVPNVEEVTLPKTVNTKKDSESAPVKGGTMTDLDEQEDESMETTGKDEDENSTGNKGEQTKNPDLHEDNVTEQTHHIIIPSYAAWFDYNSVHAIERRALPEFFNGKNKSKTPEIYLAYRNFMIDTYRLNPQEYLTSTACRRNLAGDVCAIMRVHAFLEQWGLINYQVDAESRPTPMGPPPTSHFHVLADTPSGLVPLQPKTPQQTSASQQMLNFPDKGKEKPTDMQNFGLRTDMYTKKNVPSKSKAAASATREWTEQETLLLLEALEMYKDDWNKVSEHVGSRTQDECILHFLRLPIEDPYLEDSEASLGPLAYQPIPFSQSGNPVMSTVAFLASVVDPRVASAAAKSALEEFSKMKEEVPTALVEAHVRKVEEAAKVTGKADPAFGLESSGIAGTTSDEPERIEESGNDEARVEGQATDEKKEPKEPREGGGAIEEEAKEKTSEAPKKDEEKGKEGDSEKESEKSDGDPIVDPEKEKEPKEGQEEVLKEVVESEGERKTKVERDIGEGNLSTAAAAALAAAAVKAKHLAAVEERKIKSLVALLVETQMKKLEIKLRHFEELETIMDREREALEYQRQQLLADRQAFHMEQLKYAEMRARQQHFQQMHQQQQQPPPALPPGSQPIPPTGAAGPPAVHGLAVAPASVVPAPAGSGAPPGSLGPSEQIGQAGSTAGPQQQQPAGAPQPGAVPPGVPPPGPHGPSPFPNQQTPPSMMPGAVPGSGHPGVAGNAPLGLPFGMPPPPPPPAPSIIPFGSLADSISINLPAPPNLHGHHHHLPFAPGTLPPPNLPVSMANPLHPNLPATTTMPSSLPLGPGLGSAAAQSPAIVAAVQGNLLPSASPLPDPGTPLPPDPTAPSPGTVTPVPPPQ	MAKATGRYNLISPKKDLEKGVVLSDLCNFLVSQTIQGWKVYWAGIEFDVTHKGMALLHRLKTNDFAPAWSMTRNLFPHLFQNPNSTIESPLWALRVILAAGIQDQLIDQSLIEPLAGALGLISDWLLTTNTNHFNMRTQRVKEQLSLKMLSLIRSNILKFINKLDALHVVNYNGLLSSIEIGTQNHTIIITRTNMGFLVELQEPDKSAMNRMKPGPAKFSLLHESTLKAFTQGSSTRMQSLILEFNSSLAI	IntAct	SMRC2_HUMAN	VP24_EBOZM	Q8TAQ2	Q05322	False
uniprotkb:Q16695	uniprotkb:Q05322	intact:EBI-358900|uniprotkb:Q6FGU4|uniprotkb:B2R5K3	intact:EBI-6153153|uniprotkb:Q8JS60|uniprotkb:Q9DQD2|uniprotkb:Q773N1	psi-mi:h31t_human(display_long)|uniprotkb:HIST3H3(gene name)|psi-mi:HIST3H3(display_short)|uniprotkb:H3FT(gene name synonym)|uniprotkb:H3/g(gene name synonym)	psi-mi:vp24_ebozm(display_long)|uniprotkb:VP24(gene name)|psi-mi:VP24(display_short)	psi-mi:MI:0676(tandem affinity purification)	Pichlmair et al. (2012)	pubmed:22810585|imex:IM-17331	9606	128952	psi-mi:MI:0914(association)	psi-mi:MI:0469(IntAct)	intact:EBI-6159823|imex:IM-17331-68	intact-miscore:0.35	UNIPROT_AC:Q16695	UNIPROT_AC:Q05322	ANIMAL	VIRUS	human|Homo sapiens	ebozm|Zaire ebolavirus (strain Mayinga-76)	MARTKQTARKSTGGKAPRKQLATKVARKSAPATGGVKKPHRYRPGTVALREIRRYQKSTELLIRKLPFQRLMREIAQDFKTDLRFQSSAVMALQEACESYLVGLFEDTNLCVIHAKRVTIMPKDIQLARRIRGERA	MAKATGRYNLISPKKDLEKGVVLSDLCNFLVSQTIQGWKVYWAGIEFDVTHKGMALLHRLKTNDFAPAWSMTRNLFPHLFQNPNSTIESPLWALRVILAAGIQDQLIDQSLIEPLAGALGLISDWLLTTNTNHFNMRTQRVKEQLSLKMLSLIRSNILKFINKLDALHVVNYNGLLSSIEIGTQNHTIIITRTNMGFLVELQEPDKSAMNRMKPGPAKFSLLHESTLKAFTQGSSTRMQSLILEFNSSLAI	IntAct	H31T_HUMAN	VP24_EBOZM	Q16695	Q05322	False
uniprotkb:Q99877	uniprotkb:Q05127	intact:EBI-744423|uniprotkb:Q494S8|uniprotkb:Q96FB7|uniprotkb:B2R5L4	intact:EBI-6148294|uniprotkb:Q8JS63|uniprotkb:Q77LU7	psi-mi:h2b1n_human(display_long)|uniprotkb:Histone H2B.d(gene name synonym)|uniprotkb:HIST1H2BN(gene name)|psi-mi:HIST1H2BN(display_short)|uniprotkb:H2BFD(gene name synonym)	psi-mi:vp35_ebozm(display_long)|uniprotkb:VP35(gene name)|psi-mi:VP35(display_short)	psi-mi:MI:0676(tandem affinity purification)	Pichlmair et al. (2012)	pubmed:22810585|imex:IM-17331	9606	128952	psi-mi:MI:0914(association)	psi-mi:MI:0469(IntAct)	intact:EBI-6158326|imex:IM-17331-53	intact-miscore:0.35	UNIPROT_AC:Q99877	UNIPROT_AC:Q05127	ANIMAL	VIRUS	human|Homo sapiens	ebozm|Zaire ebolavirus (strain Mayinga-76)	MPEPSKSAPAPKKGSKKAVTKAQKKDGKKRKRSRKESYSVYVYKVLKQVHPDTGISSKAMGIMNSFVNDIFERIAGEASRLAHYNKRSTITSREIQTAVRLLLPGELAKHAVSEGTKAVTKYTSSK	MTTRTKGRGHTAATTQNDRMPGPELSGWISEQLMTGRIPVSDIFCDIENNPGLCYASQMQQTKPNPKTRNSQTQTDPICNHSFEEVVQTLASLATVVQQQTIASESLEQRITSLENGLKPVYDMAKTISSLNRVCAEMVAKYDLLVMTTGRATATAAATEAYWAEHGQPPPGPSLYEESAIRGKIESRDETVPQSVREAFNNLNSTTSLTEENFGKPDISAKDLRNIMYDHLPGFGTAFHQLVQVICKLGKDSNSLDIIHAEFQASLAEGDSPQCALIQITKRVPIFQDAAPPVIHIRSRGDIPRACQKSLRPVPPSPKIDRGWVCVFQLQDGKTLGLKI	IntAct	H2B1N_HUMAN	VP35_EBOZM	Q99877	Q05127	False
uniprotkb:Q99879	uniprotkb:Q05127	intact:EBI-3893474|uniprotkb:Q6NWQ3	intact:EBI-6148294|uniprotkb:Q8JS63|uniprotkb:Q77LU7	psi-mi:h2b1m_human(display_long)|uniprotkb:HIST1H2BM(gene name)|psi-mi:HIST1H2BM(display_short)|uniprotkb:H2BFE(gene name synonym)|uniprotkb:Histone H2B.e(gene name synonym)	psi-mi:vp35_ebozm(display_long)|uniprotkb:VP35(gene name)|psi-mi:VP35(display_short)	psi-mi:MI:0676(tandem affinity purification)	Pichlmair et al. (2012)	pubmed:22810585|imex:IM-17331	9606	128952	psi-mi:MI:0914(association)	psi-mi:MI:0469(IntAct)	intact:EBI-6158326|imex:IM-17331-53	intact-miscore:0.35	UNIPROT_AC:Q99879	UNIPROT_AC:Q05127	ANIMAL	VIRUS	human|Homo sapiens	ebozm|Zaire ebolavirus (strain Mayinga-76)	MPEPVKSAPVPKKGSKKAINKAQKKDGKKRKRSRKESYSVYVYKVLKQVHPDTGISSKAMGIMNSFVNDIFERIAGEASRLAHYNKRSTITSREIQTAVRLLLPGELAKHAVSEGTKAVTKYTSSK	MTTRTKGRGHTAATTQNDRMPGPELSGWISEQLMTGRIPVSDIFCDIENNPGLCYASQMQQTKPNPKTRNSQTQTDPICNHSFEEVVQTLASLATVVQQQTIASESLEQRITSLENGLKPVYDMAKTISSLNRVCAEMVAKYDLLVMTTGRATATAAATEAYWAEHGQPPPGPSLYEESAIRGKIESRDETVPQSVREAFNNLNSTTSLTEENFGKPDISAKDLRNIMYDHLPGFGTAFHQLVQVICKLGKDSNSLDIIHAEFQASLAEGDSPQCALIQITKRVPIFQDAAPPVIHIRSRGDIPRACQKSLRPVPPSPKIDRGWVCVFQLQDGKTLGLKI	IntAct	H2B1M_HUMAN	VP35_EBOZM	Q99879	Q05127	False
uniprotkb:Q9BQE3	uniprotkb:Q05127	intact:EBI-1103245	intact:EBI-6148294|uniprotkb:Q8JS63|uniprotkb:Q77LU7	psi-mi:tba1c_human(display_long)|uniprotkb:TUBA1C(gene name)|psi-mi:TUBA1C(display_short)|uniprotkb:TUBA6(gene name synonym)|uniprotkb:Tubulin alpha-6 chain(gene name synonym)|uniprotkb:Alpha-tubulin 6(gene name synonym)	psi-mi:vp35_ebozm(display_long)|uniprotkb:VP35(gene name)|psi-mi:VP35(display_short)	psi-mi:MI:0676(tandem affinity purification)	Pichlmair et al. (2012)	pubmed:22810585|imex:IM-17331	9606	128952	psi-mi:MI:0914(association)	psi-mi:MI:0469(IntAct)	intact:EBI-6155404|imex:IM-17331-11	intact-miscore:0.35	UNIPROT_AC:Q9BQE3	UNIPROT_AC:Q05127	ANIMAL	VIRUS	human|Homo sapiens	ebozm|Zaire ebolavirus (strain Mayinga-76)	MRECISIHVGQAGVQIGNACWELYCLEHGIQPDGQMPSDKTIGGGDDSFNTFFSETGAGKHVPRAVFVDLEPTVIDEVRTGTYRQLFHPEQLITGKEDAANNYARGHYTIGKEIIDLVLDRIRKLADQCTGLQGFLVFHSFGGGTGSGFTSLLMERLSVDYGKKSKLEFSIYPAPQVSTAVVEPYNSILTTHTTLEHSDCAFMVDNEAIYDICRRNLDIERPTYTNLNRLISQIVSSITASLRFDGALNVDLTEFQTNLVPYPRIHFPLATYAPVISAEKAYHEQLTVAEITNACFEPANQMVKCDPRHGKYMACCLLYRGDVVPKDVNAAIATIKTKRTIQFVDWCPTGFKVGINYQPPTVVPGGDLAKVQRAVCMLSNTTAVAEAWARLDHKFDLMYAKRAFVHWYVGEGMEEGEFSEAREDMAALEKDYEEVGADSADGEDEGEEY	MTTRTKGRGHTAATTQNDRMPGPELSGWISEQLMTGRIPVSDIFCDIENNPGLCYASQMQQTKPNPKTRNSQTQTDPICNHSFEEVVQTLASLATVVQQQTIASESLEQRITSLENGLKPVYDMAKTISSLNRVCAEMVAKYDLLVMTTGRATATAAATEAYWAEHGQPPPGPSLYEESAIRGKIESRDETVPQSVREAFNNLNSTTSLTEENFGKPDISAKDLRNIMYDHLPGFGTAFHQLVQVICKLGKDSNSLDIIHAEFQASLAEGDSPQCALIQITKRVPIFQDAAPPVIHIRSRGDIPRACQKSLRPVPPSPKIDRGWVCVFQLQDGKTLGLKI	IntAct	TBA1C_HUMAN	VP35_EBOZM	Q9BQE3	Q05127	False
uniprotkb:Q9BQE3	uniprotkb:Q05322	intact:EBI-1103245	intact:EBI-6153153|uniprotkb:Q8JS60|uniprotkb:Q9DQD2|uniprotkb:Q773N1	psi-mi:tba1c_human(display_long)|uniprotkb:TUBA1C(gene name)|psi-mi:TUBA1C(display_short)|uniprotkb:TUBA6(gene name synonym)|uniprotkb:Tubulin alpha-6 chain(gene name synonym)|uniprotkb:Alpha-tubulin 6(gene name synonym)	psi-mi:vp24_ebozm(display_long)|uniprotkb:VP24(gene name)|psi-mi:VP24(display_short)	psi-mi:MI:0676(tandem affinity purification)	Pichlmair et al. (2012)	pubmed:22810585|imex:IM-17331	9606	128952	psi-mi:MI:0914(association)	psi-mi:MI:0469(IntAct)	intact:EBI-6159823|imex:IM-17331-68	intact-miscore:0.35	UNIPROT_AC:Q9BQE3	UNIPROT_AC:Q05322	ANIMAL	VIRUS	human|Homo sapiens	ebozm|Zaire ebolavirus (strain Mayinga-76)	MRECISIHVGQAGVQIGNACWELYCLEHGIQPDGQMPSDKTIGGGDDSFNTFFSETGAGKHVPRAVFVDLEPTVIDEVRTGTYRQLFHPEQLITGKEDAANNYARGHYTIGKEIIDLVLDRIRKLADQCTGLQGFLVFHSFGGGTGSGFTSLLMERLSVDYGKKSKLEFSIYPAPQVSTAVVEPYNSILTTHTTLEHSDCAFMVDNEAIYDICRRNLDIERPTYTNLNRLISQIVSSITASLRFDGALNVDLTEFQTNLVPYPRIHFPLATYAPVISAEKAYHEQLTVAEITNACFEPANQMVKCDPRHGKYMACCLLYRGDVVPKDVNAAIATIKTKRTIQFVDWCPTGFKVGINYQPPTVVPGGDLAKVQRAVCMLSNTTAVAEAWARLDHKFDLMYAKRAFVHWYVGEGMEEGEFSEAREDMAALEKDYEEVGADSADGEDEGEEY	MAKATGRYNLISPKKDLEKGVVLSDLCNFLVSQTIQGWKVYWAGIEFDVTHKGMALLHRLKTNDFAPAWSMTRNLFPHLFQNPNSTIESPLWALRVILAAGIQDQLIDQSLIEPLAGALGLISDWLLTTNTNHFNMRTQRVKEQLSLKMLSLIRSNILKFINKLDALHVVNYNGLLSSIEIGTQNHTIIITRTNMGFLVELQEPDKSAMNRMKPGPAKFSLLHESTLKAFTQGSSTRMQSLILEFNSSLAI	IntAct	TBA1C_HUMAN	VP24_EBOZM	Q9BQE3	Q05322	False
uniprotkb:Q96KK5	uniprotkb:Q05127	intact:EBI-6147668	intact:EBI-6148294|uniprotkb:Q8JS63|uniprotkb:Q77LU7	psi-mi:h2a1h_human(display_long)|uniprotkb:HIST1H2AH(gene name)|psi-mi:HIST1H2AH(display_short)|uniprotkb:HIST1H2AI(gene name synonym)|uniprotkb:Histone H2A/s(gene name synonym)	psi-mi:vp35_ebozm(display_long)|uniprotkb:VP35(gene name)|psi-mi:VP35(display_short)	psi-mi:MI:0676(tandem affinity purification)	Pichlmair et al. (2012)	pubmed:22810585|imex:IM-17331	9606	128952	psi-mi:MI:0914(association)	psi-mi:MI:0469(IntAct)	intact:EBI-6156559|imex:IM-17331-34	intact-miscore:0.35	UNIPROT_AC:Q96KK5	UNIPROT_AC:Q05127	ANIMAL	VIRUS	human|Homo sapiens	ebozm|Zaire ebolavirus (strain Mayinga-76)	MSGRGKQGGKARAKAKTRSSRAGLQFPVGRVHRLLRKGNYAERVGAGAPVYLAAVLEYLTAEILELAGNAARDNKKTRIIPRHLQLAIRNDEELNKLLGKVTIAQGGVLPNIQAVLLPKKTESHHKAK	MTTRTKGRGHTAATTQNDRMPGPELSGWISEQLMTGRIPVSDIFCDIENNPGLCYASQMQQTKPNPKTRNSQTQTDPICNHSFEEVVQTLASLATVVQQQTIASESLEQRITSLENGLKPVYDMAKTISSLNRVCAEMVAKYDLLVMTTGRATATAAATEAYWAEHGQPPPGPSLYEESAIRGKIESRDETVPQSVREAFNNLNSTTSLTEENFGKPDISAKDLRNIMYDHLPGFGTAFHQLVQVICKLGKDSNSLDIIHAEFQASLAEGDSPQCALIQITKRVPIFQDAAPPVIHIRSRGDIPRACQKSLRPVPPSPKIDRGWVCVFQLQDGKTLGLKI	IntAct	H2A1H_HUMAN	VP35_EBOZM	Q96KK5	Q05127	False
uniprotkb:A8CG34	uniprotkb:Q05322	intact:EBI-2880179|uniprotkb:O75115|uniprotkb:Q9Y4S7|uniprotkb:Q9Y2N3	intact:EBI-6153153|uniprotkb:Q8JS60|uniprotkb:Q9DQD2|uniprotkb:Q773N1	psi-mi:p121c_human(display_long)|uniprotkb:POM121C(gene name)|psi-mi:POM121C(display_short)|uniprotkb:Nuclear pore membrane protein 121-2(gene name synonym)|uniprotkb:Pore membrane protein of 121 kDa C(gene name synonym)	psi-mi:vp24_ebozm(display_long)|uniprotkb:VP24(gene name)|psi-mi:VP24(display_short)	psi-mi:MI:0676(tandem affinity purification)	Pichlmair et al. (2012)	pubmed:22810585|imex:IM-17331	9606	128952	psi-mi:MI:0914(association)	psi-mi:MI:0469(IntAct)	intact:EBI-6159823|imex:IM-17331-68	intact-miscore:0.35	UNIPROT_AC:A8CG34	UNIPROT_AC:Q05322	ANIMAL	VIRUS	human|Homo sapiens	ebozm|Zaire ebolavirus (strain Mayinga-76)	MSPAAAAAGAGERRRPIASVRDGRGRGCGGPAGAALLGLSLVGLLLYLVPAAAALAWLAVGTTAAWWGLSREPRGSRPLSSFVQKARHRRTLFASPPAKSTANGNLLEPRTLLEGPDPAELLLMGSYLGKPGPPQPAPAPEGQDLRNRPGRRPPARPAPRSTPPSPPTHRVHHFYPSLPTPLLRPSGRPSPRDRGTLPDRFVITPRRRYPIHQTQYSCPGVLPTVCWNGYHKKAVLSPRNSRMVCSPVTVRIAPPDRRFSRSAIPEQIISSTLSSPSSNAPDPCAKETVLSALKEKKKKRTVEEEDQIFLDGQENKRRRHDSSGSGHSAFEPLVASGVPASFVPKPGSLKRGLNSQSSDDHLNKRSRSSSMSSLTGAYTSGIPSSSRNAITSSYSSTRGISQLWKRNGPSSSPFSSPASSRSQTPERPAKKIREEELCHHSSSSTPLAADKESQGEKAADTTPRKKQNSNSQSTPGSSGQRKRKVQLLPSRRGEQLTLPPPPQLGYSITAEDLDLEKKASLQWFNQALEDKSDAASNSVTETPPTTQPSFTFTLPAAATASPPTSLLAPSTNPLLESLKKMQTPPSLPPCPESAGAATTEALSPPKTPSLLPPLGLSQSGPPGLLPSPSFDSKPPTTLLGLIPAPSMVPATDTKAPPTLQAETATKPQATSAPSPAPKQSFLFGTQNTSPSSPAAPAASSASPMFKPIFTAPPKSEKEGPTPPGPSVTATAPSSSSLPTTTSTTAPTFQPVFSSMGPPASVPLPAPFFKQTTTPATAPTTTAPLFTGLASATSAVAPITSASPSTDSASKPAFGFGINSVSSSSVSTTTSTATAASQPFLFGAPQASAASFTPAMGSIFQFGKPPALPTTTTVTTFSQSLPTAVPTATSSSAADFSGFGSTLATSAPATSSQPTLTFSNTSTPTFNIPFGSSAKSPLPSYPGANPQPAFGAAEGQPPGAAKPALTPSFGSSFTFGNSAAPAPATAPTPAPASTIKIVPAHVPTPIQPTFGGATHSAFGLKATASAFGAPASSQPAFGGSTAVFSFGAATSSGFGATTQTASSGSSSSVFGSTTPSPFTFGGSAAPAGSGSFGINVATPGSSATTGAFSFGAGQSGSTATSTPFTGGLGQNALGTTGQSTPFAFNVGSTTESKPVFGGTATPTFGQNTPAPGVGTSGSSLSFGASSAPAQGFVGVGPFGSAAPSFSIGAGSKTPGARQRLQARRQHTRKK	MAKATGRYNLISPKKDLEKGVVLSDLCNFLVSQTIQGWKVYWAGIEFDVTHKGMALLHRLKTNDFAPAWSMTRNLFPHLFQNPNSTIESPLWALRVILAAGIQDQLIDQSLIEPLAGALGLISDWLLTTNTNHFNMRTQRVKEQLSLKMLSLIRSNILKFINKLDALHVVNYNGLLSSIEIGTQNHTIIITRTNMGFLVELQEPDKSAMNRMKPGPAKFSLLHESTLKAFTQGSSTRMQSLILEFNSSLAI	IntAct	P121C_HUMAN	VP24_EBOZM	A8CG34	Q05322	False
uniprotkb:O15131	uniprotkb:Q05322	intact:EBI-540602|uniprotkb:Q86X23|uniprotkb:B2RAI5	intact:EBI-6153153|uniprotkb:Q8JS60|uniprotkb:Q9DQD2|uniprotkb:Q773N1	psi-mi:ima6_human(display_long)|uniprotkb:Karyopherin subunit alpha-5(gene name synonym)|uniprotkb:KPNA5(gene name)|psi-mi:KPNA5(display_short)	psi-mi:vp24_ebozm(display_long)|uniprotkb:VP24(gene name)|psi-mi:VP24(display_short)	psi-mi:MI:0676(tandem affinity purification)	Pichlmair et al. (2012)	pubmed:22810585|imex:IM-17331	9606	128952	psi-mi:MI:0914(association)	psi-mi:MI:0469(IntAct)	intact:EBI-6159823|imex:IM-17331-68	intact-miscore:0.35	UNIPROT_AC:O15131	UNIPROT_AC:Q05322	ANIMAL	VIRUS	human|Homo sapiens	ebozm|Zaire ebolavirus (strain Mayinga-76)	MASPGKDNYRMKSYKNKALNPQEMRRRREEEGIQLRKQKREEQLFKRRNVYLPRNDESMLESPIQDPDISSTVPIPEEEVVTTDMVQMIFSNNADQQLTATQKFRKLLSKEPNPPIDQVIQKPGVVQRFVKFLERNENCTLQFEAAWALTNIASGTFLHTKVVIETGAVPIFIKLLNSEHEDVQEQAVWALGNIAGDNAECRDFVLNCEILPPLLELLTNSNRLTTTRNAVWALSNLCRGKNPPPNFSKVSPCLNVLSRLLFSSDPDVLADVCWALSYLSDGPNDKIQAVIDSGVCRRLVELLMHNDYKVVSPALRAVGNIVTGDDIQTQVILNCSALPCLLHLLSSPKESIRKEACWTVSNITAGNRAQIQAVIDANIFPVLIEILQKAEFRTRKEAAWAITNATSGGTPEQIRYLVALGCIKPLCDLLTVMDSKIVQVALNGLENILRLGEQESKQNGIGINPYCALIEEAYGLDKIEFLQSHENQEIYQKAFDLIEHYFGVEEDDPSIVPQVDENQQQFIFQQQEAPMDGFQL	MAKATGRYNLISPKKDLEKGVVLSDLCNFLVSQTIQGWKVYWAGIEFDVTHKGMALLHRLKTNDFAPAWSMTRNLFPHLFQNPNSTIESPLWALRVILAAGIQDQLIDQSLIEPLAGALGLISDWLLTTNTNHFNMRTQRVKEQLSLKMLSLIRSNILKFINKLDALHVVNYNGLLSSIEIGTQNHTIIITRTNMGFLVELQEPDKSAMNRMKPGPAKFSLLHESTLKAFTQGSSTRMQSLILEFNSSLAI	IntAct	IMA6_HUMAN	VP24_EBOZM	O15131	Q05322	False
uniprotkb:Q96AX9	uniprotkb:Q05127	intact:EBI-2130249|uniprotkb:B4DZ57|uniprotkb:J3KNZ7|uniprotkb:A2AGM5|uniprotkb:A2AGM6|uniprotkb:B3KV93|uniprotkb:B3KVF4|uniprotkb:Q7Z437|uniprotkb:Q8IY62|uniprotkb:Q8N786|uniprotkb:Q8N897|uniprotkb:Q8N8R2|uniprotkb:Q8N911|uniprotkb:Q8NB36|uniprotkb:Q8NCY1|uniprotkb:Q8NG59|uniprotkb:Q8NG60|uniprotkb:Q8NG61|uniprotkb:Q8NI59|uniprotkb:Q8WYN1|intact:EBI-11116994|uniprotkb:E9PGU1|uniprotkb:E9PHQ1|uniprotkb:F8WA73|uniprotkb:B3KXY1	intact:EBI-6148294|uniprotkb:Q8JS63|uniprotkb:Q77LU7	psi-mi:mib2_human(display_long)|uniprotkb:MIB2(gene name)|psi-mi:MIB2(display_short)|uniprotkb:SKD(gene name synonym)|uniprotkb:ZZANK1(gene name synonym)|uniprotkb:Mind bomb homolog 2(gene name synonym)|uniprotkb:Zinc finger ZZ type with ankyrin repeat domain protein 1(gene name synonym)|uniprotkb:Skeletrophin(gene name synonym)|uniprotkb:Novel zinc finger protein(gene name synonym)|uniprotkb:Putative NF-kappa-B-activating protein 002N(gene name synonym)	psi-mi:vp35_ebozm(display_long)|uniprotkb:VP35(gene name)|psi-mi:VP35(display_short)	psi-mi:MI:0676(tandem affinity purification)	Pichlmair et al. (2012)	pubmed:22810585|imex:IM-17331	9606	128952	psi-mi:MI:0914(association)	psi-mi:MI:0469(IntAct)	intact:EBI-6158326|imex:IM-17331-53	intact-miscore:0.35	UNIPROT_AC:Q96AX9	UNIPROT_AC:Q05127	ANIMAL	VIRUS	human|Homo sapiens	ebozm|Zaire ebolavirus (strain Mayinga-76)	MGWKPSEARGQSQSFQASGLQPRSLKAARRATGRPDRSRAARPTMDPSAHRSRAAPPNMDPDPQAGVQVGMRVVRGVDWKWGQQDGGEGGVGTVVELGRHGSPSTPDRTVVVQWDQGTRTNYRAGYQGAHDLLLYDNAQIGVRHPNIICDCCKKHGLRGMRWKCRVCLDYDLCTQCYMHNKHELAHAFDRYETAHSRPVTLSPRQGLPRIPLRGIFQGAKVVRGPDWEWGSQDGGEGKPGRVVDIRGWDVETGRSVASVTWADGTTNVYRVGHKGKVDLKCVGEAAGGFYYKDHLPRLGKPAELQRRVSADSQPFQHGDKVKCLLDTDVLREMQEGHGGWNPRMAEFIGQTGTVHRITDRGDVRVQFNHETRWTFHPGALTKHHSFWVGDVVRVIGDLDTVKRLQAGHGEWTDDMAPALGRVGKVVKVFGDGNLRVAVAGQRWTFSPSCLVAYRPEEDANLDVAERARENKSSLSVALDKLRAQKSDPEHPGRLVVEVALGNAARALDLLRRRPEQVDTKNQGRTALQVAAYLGQVELIRLLLQARAGVDLPDDEGNTALHYAALGNQPEATRVLLSAGCRADAINSTQSTALHVAVQRGFLEVVRALCERGCDVNLPDAHSDTPLHSAISAGTGASGIVEVLTEVPNIDVTATNSQGFTLLHHASLKGHALAVRKILARARQLVDAKKEDGFTALHLAALNNHREVAQILIREGRCDVNVRNRKLQSPLHLAVQQAHVGLVPLLVDAGCSVNAEDEEGDTALHVALQRHQLLPLVADGAGGDPGPLQLLSRLQASGLPGSAELTVGAAVACFLALEGADVSYTNHRGRSPLDLAAEGRVLKALQGCAQRFRERQAGGGAAPGPRQTLGTPNTVTNLHVGAAPGPEAAECLVCSELALLVLFSPCQHRTVCEECARRMKKCIRCQVVVSKKLRPDGSEVASAAPAPGPPRQLVEELQSRYRQMEERITCPICIDSHIRLVFQCGHGACAPCGSALSACPICRQPIRDRIQIFV	MTTRTKGRGHTAATTQNDRMPGPELSGWISEQLMTGRIPVSDIFCDIENNPGLCYASQMQQTKPNPKTRNSQTQTDPICNHSFEEVVQTLASLATVVQQQTIASESLEQRITSLENGLKPVYDMAKTISSLNRVCAEMVAKYDLLVMTTGRATATAAATEAYWAEHGQPPPGPSLYEESAIRGKIESRDETVPQSVREAFNNLNSTTSLTEENFGKPDISAKDLRNIMYDHLPGFGTAFHQLVQVICKLGKDSNSLDIIHAEFQASLAEGDSPQCALIQITKRVPIFQDAAPPVIHIRSRGDIPRACQKSLRPVPPSPKIDRGWVCVFQLQDGKTLGLKI	IntAct	MIB2_HUMAN	VP35_EBOZM	Q96AX9	Q05127	False
uniprotkb:P35637	uniprotkb:Q05127	uniprotkb:FUS_HUMAN	uniprotkb:VP35_EBOZM	uniprotkb:FUS_HUMAN	uniprotkb:VP35_EBOZM	psi-mi:MI:0676(tandem affinity purification)	-	pubmed:22810585	9606	128952	psi-mi:MI:0915(physical association)	psi-mi:MI:1114(virhostnet)	virhostnet-rid:18278|virhostnet-nrid:17388	-	UNIPROT_AC:P35637	UNIPROT_AC:Q05127	ANIMAL	VIRUS	Homo sapiens	Zaire ebolavirus - Mayinga (Zaire, 1976)	MASNDYTQQATQSYGAYPTQPGQGYSQQSSQPYGQQSYSGYSQSTDTSGYGQSSYSSYGQSQNTGYGTQSTPQGYGSTGGYGSSQSSQSSYGQQSSYPGYGQQPAPSSTSGSYGSSSQSSSYGQPQSGSYSQQPSYGGQQQSYGQQQSYNPPQGYGQQNQYNSSSGGGGGGGGGGNYGQDQSSMSSGGGSGGGYGNQDQSGGGGSGGYGQQDRGGRGRGGSGGGGGGGGGGYNRSSGGYEPRGRGGGRGGRGGMGGSDRGGFNKFGGPRDQGSRHDSEQDNSDNNTIFVQGLGENVTIESVADYFKQIGIIKTNKKTGQPMINLYTDRETGKLKGEATVSFDDPPSAKAAIDWFDGKEFSGNPIKVSFATRRADFNRGGGNGRGGRGRGGPMGRGGYGGGGSGGGGRGGFPSGGGGGGGQQRAGDWKCPNPTCENMNFSWRNECNQCKAPKPDGPGGGPGGSHMGGNYGDDRRGGRGGYDRGGYRGRGGDRGGFRGGRGGGDRGGFGPGKMDSRGEHRQDRRERPY	MTTRTKGRGHTAATTQNDRMPGPELSGWISEQLMTGRIPVSDIFCDIENNPGLCYASQMQQTKPNPKTRNSQTQTDPICNHSFEEVVQTLASLATVVQQQTIASESLEQRITSLENGLKPVYDMAKTISSLNRVCAEMVAKYDLLVMTTGRATATAAATEAYWAEHGQPPPGPSLYEESAIRGKIESRDETVPQSVREAFNNLNSTTSLTEENFGKPDISAKDLRNIMYDHLPGFGTAFHQLVQVICKLGKDSNSLDIIHAEFQASLAEGDSPQCALIQITKRVPIFQDAAPPVIHIRSRGDIPRACQKSLRPVPPSPKIDRGWVCVFQLQDGKTLGLKI	VirHostNet	FUS_HUMAN	VP35_EBOZM	P35637	Q05127	False
uniprotkb:Q14839	uniprotkb:Q05322	uniprotkb:CHD4_HUMAN	uniprotkb:VP24_EBOZM	uniprotkb:CHD4_HUMAN	uniprotkb:VP24_EBOZM	psi-mi:MI:0004(affinity chromatography technology)	-	pubmed:25158218	9606	128952	psi-mi:MI:0915(physical association)	psi-mi:MI:1114(virhostnet)	virhostnet-rid:25354|virhostnet-nrid:24273	-	UNIPROT_AC:Q14839	UNIPROT_AC:Q05322	ANIMAL	VIRUS	Homo sapiens	Zaire ebolavirus - Mayinga (Zaire, 1976)	MASGLGSPSPCSAGSEEEDMDALLNNSLPPPHPENEEDPEEDLSETETPKLKKKKKPKKPRDPKIPKSKRQKKERMLLCRQLGDSSGEGPEFVEEEEEVALRSDSEGSDYTPGKKKKKKLGPKKEKKSKSKRKEEEEEEDDDDDSKEPKSSAQLLEDWGMEDIDHVFSEEDYRTLTNYKAFSQFVRPLIAAKNPKIAVSKMMMVLGAKWREFSTNNPFKGSSGASVAAAAAAAVAVVESMVTATEVAPPPPPVEVPIRKAKTKEGKGPNARRKPKGSPRVPDAKKPKPKKVAPLKIKLGGFGSKRKRSSSEDDDLDVESDFDDASINSYSVSDGSTSRSSRSRKKLRTTKKKKKGEEEVTAVDGYETDHQDYCEVCQQGGEIILCDTCPRAYHMVCLDPDMEKAPEGKWSCPHCEKEGIQWEAKEDNSEGEEILEEVGGDLEEEDDHHMEFCRVCKDGGELLCCDTCPSSYHIHCLNPPLPEIPNGEWLCPRCTCPALKGKVQKILIWKWGQPPSPTPVPRPPDADPNTPSPKPLEGRPERQFFVKWQGMSYWHCSWVSELQLELHCQVMFRNYQRKNDMDEPPSGDFGGDEEKSRKRKNKDPKFAEMEERFYRYGIKPEWMMIHRILNHSVDKKGHVHYLIKWRDLPYDQASWESEDVEIQDYDLFKQSYWNHRELMRGEEGRPGKKLKKVKLRKLERPPETPTVDPTVKYERQPEYLDATGGTLHPYQMEGLNWLRFSWAQGTDTILADEMGLGKTVQTAVFLYSLYKEGHSKGPFLVSAPLSTIINWEREFEMWAPDMYVVTYVGDKDSRAIIRENEFSFEDNAIRGGKKASRMKKEASVKFHVLLTSYELITIDMAILGSIDWACLIVDEAHRLKNNQSKFFRVLNGYSLQHKLLLTGTPLQNNLEELFHLLNFLTPERFHNLEGFLEEFADIAKEDQIKKLHDMLGPHMLRRLKADVFKNMPSKTELIVRVELSPMQKKYYKYILTRNFEALNARGGGNQVSLLNVVMDLKKCCNHPYLFPVAAMEAPKMPNGMYDGSALIRASGKLLLLQKMLKNLKEGGHRVLIFSQMTKMLDLLEDFLEHEGYKYERIDGGITGNMRQEAIDRFNAPGAQQFCFLLSTRAGGLGINLATADTVIIYDSDWNPHNDIQAFSRAHRIGQNKKVMIYRFVTRASVEERITQVAKKKMMLTHLVVRPGLGSKTGSMSKQELDDILKFGTEELFKDEATDGGGDNKEGEDSSVIHYDDKAIERLLDRNQDETEDTELQGMNEYLSSFKVAQYVVREEEMGEEEEVEREIIKQEESVDPDYWEKLLRHHYEQQQEDLARNLGKGKRIRKQVNYNDGSQEDRDWQDDQSDNQSDYSVASEEGDEDFDERSEAPRRPSRKGLRNDKDKPLPPLLARVGGNIEVLGFNARQRKAFLNAIMRYGMPPQDAFTTQWLVRDLRGKSEKEFKAYVSLFMRHLCEPGADGAETFADGVPREGLSRQHVLTRIGVMSLIRKKVQEFEHVNGRWSMPELAEVEENKKMSQPGSPSPKTPTPSTPGDTQPNTPAPVPPAEDGIKIEENSLKEEESIEGEKEVKSTAPETAIECTQAPAPASEDEKVVVEPPEGEEKVEKAEVKERTEEPMETEPKGAADVEKVEEKSAIDLTPIVVEDKEEKKEEEEKKEVMLQNGETPKDLNDEKQKKNIKQRFMFNIADGGFTELHSLWQNEERAATVTKKTYEIWHRRHDYWLLAGIINHGYARWQDIQNDPRYAILNEPFKGEMNRGNFLEIKNKFLARRFKLLEQALVIEEQLRRAAYLNMSEDPSHPSMALNTRFAEVECLAESHQHLSKESMAGNKPANAVLHKVLKQLEELLSDMKADVTRLPATIARIPPVAVRLQMSERNILSRLANRAPEPTPQQVAQQQ	MAKATGRYNLISPKKDLEKGVVLSDLCNFLVSQTIQGWKVYWAGIEFDVTHKGMALLHRLKTNDFAPAWSMTRNLFPHLFQNPNSTIESPLWALRVILAAGIQDQLIDQSLIEPLAGALGLISDWLLTTNTNHFNMRTQRVKEQLSLKMLSLIRSNILKFINKLDALHVVNYNGLLSSIEIGTQNHTIIITRTNMGFLVELQEPDKSAMNRMKPGPAKFSLLHESTLKAFTQGSSTRMQSLILEFNSSLAI	VirHostNet	CHD4_HUMAN	VP24_EBOZM	Q14839	Q05322	False
uniprotkb:Q8N257	uniprotkb:Q05127	uniprotkb:H2B3B_HUMAN	uniprotkb:VP35_EBOZM	uniprotkb:H2B3B_HUMAN	uniprotkb:VP35_EBOZM	psi-mi:MI:0676(tandem affinity purification)	-	pubmed:22810585	9606	128952	psi-mi:MI:0915(physical association)	psi-mi:MI:1114(virhostnet)	virhostnet-rid:19160|virhostnet-nrid:18243	-	UNIPROT_AC:Q8N257	UNIPROT_AC:Q05127	ANIMAL	VIRUS	Homo sapiens	Zaire ebolavirus - Mayinga (Zaire, 1976)	MPDPSKSAPAPKKGSKKAVTKAQKKDGKKRKRGRKESYSIYVYKVLKQVHPDTGISSKAMGIMNSFVNDIFERIASEASRLAHYNKRSTITSREVQTAVRLLLPGELAKHAVSEGTKAVTKYTSSK	MTTRTKGRGHTAATTQNDRMPGPELSGWISEQLMTGRIPVSDIFCDIENNPGLCYASQMQQTKPNPKTRNSQTQTDPICNHSFEEVVQTLASLATVVQQQTIASESLEQRITSLENGLKPVYDMAKTISSLNRVCAEMVAKYDLLVMTTGRATATAAATEAYWAEHGQPPPGPSLYEESAIRGKIESRDETVPQSVREAFNNLNSTTSLTEENFGKPDISAKDLRNIMYDHLPGFGTAFHQLVQVICKLGKDSNSLDIIHAEFQASLAEGDSPQCALIQITKRVPIFQDAAPPVIHIRSRGDIPRACQKSLRPVPPSPKIDRGWVCVFQLQDGKTLGLKI	VirHostNet	H2B3B_HUMAN	VP35_EBOZM	Q8N257	Q05127	False
uniprotkb:Q32P51	uniprotkb:Q05127	uniprotkb:RA1L2_HUMAN	uniprotkb:VP35_EBOZM	uniprotkb:RA1L2_HUMAN	uniprotkb:VP35_EBOZM	psi-mi:MI:0676(tandem affinity purification)	-	pubmed:22810585	9606	128952	psi-mi:MI:0915(physical association)	psi-mi:MI:1114(virhostnet)	virhostnet-rid:19152|virhostnet-nrid:18235	-	UNIPROT_AC:Q32P51	UNIPROT_AC:Q05127	ANIMAL	VIRUS	Homo sapiens	Zaire ebolavirus - Mayinga (Zaire, 1976)	MSKSASPKEPEQLRKLFIGGLSFETTDESLRSHFEQWGTLTDCVVMRDPNTKRSRGFGFVTYATVEEVDAAMNTTPHKVDGRVVEPKRAVSREDSQRPGAHLTVKKIFVGGIKEDTEEHHLRDYFEQYGKIEVIEIMTDRGSGKKRGFAFVTFDDHDSVDKIVIQKYHTVKGHNCEVRKALPKQEMASASSSQRGRRGSGNFGGGRGDGFGGNDNFGRGGNFSGRGGFGGSCGGGGYGGSGDGYNGFGNDGSNFGGGGSYNDFGNYNNQSSNFGPMKGGNFGGRSSGPYGGGGQYFAKPQNQGGYGVSSSSSSYGSGRRF	MTTRTKGRGHTAATTQNDRMPGPELSGWISEQLMTGRIPVSDIFCDIENNPGLCYASQMQQTKPNPKTRNSQTQTDPICNHSFEEVVQTLASLATVVQQQTIASESLEQRITSLENGLKPVYDMAKTISSLNRVCAEMVAKYDLLVMTTGRATATAAATEAYWAEHGQPPPGPSLYEESAIRGKIESRDETVPQSVREAFNNLNSTTSLTEENFGKPDISAKDLRNIMYDHLPGFGTAFHQLVQVICKLGKDSNSLDIIHAEFQASLAEGDSPQCALIQITKRVPIFQDAAPPVIHIRSRGDIPRACQKSLRPVPPSPKIDRGWVCVFQLQDGKTLGLKI	VirHostNet	RA1L2_HUMAN	VP35_EBOZM	Q32P51	Q05127	False
uniprotkb:Q5VTE0	uniprotkb:Q05322	uniprotkb:EF1A3_HUMAN	uniprotkb:VP24_EBOZM	uniprotkb:EF1A3_HUMAN	uniprotkb:VP24_EBOZM	psi-mi:MI:0676(tandem affinity purification)	-	pubmed:22810585	9606	128952	psi-mi:MI:0915(physical association)	psi-mi:MI:1114(virhostnet)	virhostnet-rid:19706|virhostnet-nrid:18787	-	UNIPROT_AC:Q5VTE0	UNIPROT_AC:Q05322	ANIMAL	VIRUS	Homo sapiens	Zaire ebolavirus - Mayinga (Zaire, 1976)	MGKEKTHINIVVIGHVDSGKSTTTGHLIYKCGGIDKRTIEKFEKEAAEMGKGSFKYAWVLDKLKAERERGITIDISLWKFETSKYYVTIIDAPGHRDFIKNMITGTSQADCAVLIVAAGVGEFEAGISKNGQTREHALLAYTLGVKQLIVGVNKMDSTEPPYSQKRYEEIVKEVSTYIKKIGYNPDTVAFVPISGWNGDNMLEPSANMPWFKGWKVTRKDGNASGTTLLEALDCILPPTRPTDKPLRLPLQDVYKIGGIGTVPVGRVETGVLKPGMVVTFAPVNVTTEVKSVEMHHEALSEALPGDNVGFKVKNVSVKDVRRGNVAGDSKNDPPMEAAGFTAQVIILNHPGQISAGYAPVLDCHMAHIACKFAELKEKIDRRSGKKLEDGPKFLKSGDAAIVDMVPGKPMCVESFSDYPPLGRFAVRDMRQTVAVGVIKAVDKKAAGAGKVTKSAQKAQKAK	MAKATGRYNLISPKKDLEKGVVLSDLCNFLVSQTIQGWKVYWAGIEFDVTHKGMALLHRLKTNDFAPAWSMTRNLFPHLFQNPNSTIESPLWALRVILAAGIQDQLIDQSLIEPLAGALGLISDWLLTTNTNHFNMRTQRVKEQLSLKMLSLIRSNILKFINKLDALHVVNYNGLLSSIEIGTQNHTIIITRTNMGFLVELQEPDKSAMNRMKPGPAKFSLLHESTLKAFTQGSSTRMQSLILEFNSSLAI	VirHostNet	EF1A3_HUMAN	VP24_EBOZM	Q5VTE0	Q05322	False
uniprotkb:P31943	uniprotkb:Q05127	uniprotkb:HNRH1_HUMAN	uniprotkb:VP35_EBOZM	uniprotkb:HNRH1_HUMAN	uniprotkb:VP35_EBOZM	psi-mi:MI:0676(tandem affinity purification)	-	pubmed:22810585	9606	128952	psi-mi:MI:0915(physical association)	psi-mi:MI:1114(virhostnet)	virhostnet-rid:19158|virhostnet-nrid:18241	-	UNIPROT_AC:P31943	UNIPROT_AC:Q05127	ANIMAL	VIRUS	Homo sapiens	Zaire ebolavirus - Mayinga (Zaire, 1976)	MMLGTEGGEGFVVKVRGLPWSCSADEVQRFFSDCKIQNGAQGIRFIYTREGRPSGEAFVELESEDEVKLALKKDRETMGHRYVEVFKSNNVEMDWVLKHTGPNSPDTANDGFVRLRGLPFGCSKEEIVQFFSGLEIVPNGITLPVDFQGRSTGEAFVQFASQEIAEKALKKHKERIGHRYIEIFKSSRAEVRTHYDPPRKLMAMQRPGPYDRPGAGRGYNSIGRGAGFERMRRGAYGGGYGGYDDYNGYNDGYGFGSDRFGRDLNYCFSGMSDHRYGDGGSTFQSTTGHCVHMRGLPYRATENDIYNFFSPLNPVRVHIEIGPDGRVTGEADVEFATHEDAVAAMSKDKANMQHRYVELFLNSTAGASGGAYEHRYVELFLNSTAGASGGAYGSQMMGGMGLSNQSSYGGPASQQLSGGYGGGYGGQSSMSGYDQVLQENSSDFQSNIA	MTTRTKGRGHTAATTQNDRMPGPELSGWISEQLMTGRIPVSDIFCDIENNPGLCYASQMQQTKPNPKTRNSQTQTDPICNHSFEEVVQTLASLATVVQQQTIASESLEQRITSLENGLKPVYDMAKTISSLNRVCAEMVAKYDLLVMTTGRATATAAATEAYWAEHGQPPPGPSLYEESAIRGKIESRDETVPQSVREAFNNLNSTTSLTEENFGKPDISAKDLRNIMYDHLPGFGTAFHQLVQVICKLGKDSNSLDIIHAEFQASLAEGDSPQCALIQITKRVPIFQDAAPPVIHIRSRGDIPRACQKSLRPVPPSPKIDRGWVCVFQLQDGKTLGLKI	VirHostNet	HNRH1_HUMAN	VP35_EBOZM	P31943	Q05127	False
uniprotkb:P12036	uniprotkb:Q05127	uniprotkb:NFH_HUMAN	uniprotkb:VP35_EBOZM	uniprotkb:NFH_HUMAN	uniprotkb:VP35_EBOZM	psi-mi:MI:0676(tandem affinity purification)	-	pubmed:22810585	9606	128952	psi-mi:MI:0915(physical association)	psi-mi:MI:1114(virhostnet)	virhostnet-rid:18275|virhostnet-nrid:17385	-	UNIPROT_AC:P12036	UNIPROT_AC:Q05127	ANIMAL	VIRUS	Homo sapiens	Zaire ebolavirus - Mayinga (Zaire, 1976)	MMSFGGADALLGAPFAPLHGGGSLHYALARKGGAGGTRSAAGSSSGFHSWTRTSVSSVSASPSRFRGAGAASSTDSLDTLSNGPEGCMVAVATSRSEKEQLQALNDRFAGYIDKVRQLEAHNRSLEGEAAALRQQQAGRSAMGELYEREVREMRGAVLRLGAARGQLRLEQEHLLEDIAHVRQRLDDEARQREEAEAAARALARFAQEAEAARVDLQKKAQALQEECGYLRRHHQEEVGELLGQIQGSGAAQAQMQAETRDALKCDVTSALREIRAQLEGHAVQSTLQSEEWFRVRLDRLSEAAKVNTDAMRSAQEEITEYRRQLQARTTELEALKSTKDSLERQRSELEDRHQADIASYQEAIQQLDAELRNTKWEMAAQLREYQDLLNVKMALDIEIAAYRKLLEGEECRIGFGPIPFSLPEGLPKIPSVSTHIKVKSEEKIKVVEKSEKETVIVEEQTEETQVTEEVTEEEEKEAKEEEGKEEEGGEEEEAEGGEEETKSPPAEEAASPEKEAKSPVKEEAKSPAEAKSPEKEEAKSPAEVKSPEKAKSPAKEEAKSPPEAKSPEKEEAKSPAEVKSPEKAKSPAKEEAKSPAEAKSPEKAKSPVKEEAKSPAEAKSPVKEEAKSPAEVKSPEKAKSPTKEEAKSPEKAKSPEKAKSPEKEEAKSPEKAKSPVKAEAKSPEKAKSPVKAEAKSPEKAKSPVKEEAKSPEKAKSPVKEEAKSPEKAKSPVKEEAKTPEKAKSPVKEEAKSPEKAKSPEKAKTLDVKSPEAKTPAKEEARSPADKFPEKAKSPVKEEVKSPEKAKSPLKEDAKAPEKEIPKKEEVKSPVKEEEKPQEVKVKEPPKKAEEEKAPATPKTEEKKDSKKEEAPKKEAPKPKVEEKKEPAVEKPKESKVEAKKEEAEDKKKVPTPEKEAPAKVEVKEDAKPKEKTEVAKKEPDDAKAKEPSKPAEKKEAAPEKKDTKEEKAKKPEEKPKTEAKAKEDDKTLSKEPSKPKAEKAEKSSSTDQKDSKPPEKATEDKAAKGK	MTTRTKGRGHTAATTQNDRMPGPELSGWISEQLMTGRIPVSDIFCDIENNPGLCYASQMQQTKPNPKTRNSQTQTDPICNHSFEEVVQTLASLATVVQQQTIASESLEQRITSLENGLKPVYDMAKTISSLNRVCAEMVAKYDLLVMTTGRATATAAATEAYWAEHGQPPPGPSLYEESAIRGKIESRDETVPQSVREAFNNLNSTTSLTEENFGKPDISAKDLRNIMYDHLPGFGTAFHQLVQVICKLGKDSNSLDIIHAEFQASLAEGDSPQCALIQITKRVPIFQDAAPPVIHIRSRGDIPRACQKSLRPVPPSPKIDRGWVCVFQLQDGKTLGLKI	VirHostNet	NFH_HUMAN	VP35_EBOZM	P12036	Q05127	False
uniprotkb:Q71UM5	uniprotkb:Q05322	uniprotkb:RS27L_HUMAN	uniprotkb:VP24_EBOZM	uniprotkb:RS27L_HUMAN	uniprotkb:VP24_EBOZM	psi-mi:MI:0676(tandem affinity purification)	-	pubmed:22810585	9606	128952	psi-mi:MI:0915(physical association)	psi-mi:MI:1114(virhostnet)	virhostnet-rid:19691|virhostnet-nrid:18772	-	UNIPROT_AC:Q71UM5	UNIPROT_AC:Q05322	ANIMAL	VIRUS	Homo sapiens	Zaire ebolavirus - Mayinga (Zaire, 1976)	MPLARDLLHPSLEEEKKKHKKKRLVQSPNSYFMDVKCPGCYKITTVFSHAQTVVLCVGCSTVLCQPTGGKARLTEGCSFRRKQH	MAKATGRYNLISPKKDLEKGVVLSDLCNFLVSQTIQGWKVYWAGIEFDVTHKGMALLHRLKTNDFAPAWSMTRNLFPHLFQNPNSTIESPLWALRVILAAGIQDQLIDQSLIEPLAGALGLISDWLLTTNTNHFNMRTQRVKEQLSLKMLSLIRSNILKFINKLDALHVVNYNGLLSSIEIGTQNHTIIITRTNMGFLVELQEPDKSAMNRMKPGPAKFSLLHESTLKAFTQGSSTRMQSLILEFNSSLAI	VirHostNet	RS27L_HUMAN	VP24_EBOZM	Q71UM5	Q05322	False
uniprotkb:P35268	uniprotkb:Q05322	uniprotkb:RL22_HUMAN	uniprotkb:VP24_EBOZM	uniprotkb:RL22_HUMAN	uniprotkb:VP24_EBOZM	psi-mi:MI:0004(affinity chromatography technology)	-	pubmed:25158218	9606	128952	psi-mi:MI:0915(physical association)	psi-mi:MI:1114(virhostnet)	virhostnet-rid:25371|virhostnet-nrid:24288	-	UNIPROT_AC:P35268	UNIPROT_AC:Q05322	ANIMAL	VIRUS	Homo sapiens	Zaire ebolavirus - Mayinga (Zaire, 1976)	MAPVKKLVVKGGKKKKQVLKFTLDCTHPVEDGIMDAANFEQFLQERIKVNGKAGNLGGGVVTIERSKSKITVTSEVPFSKRYLKYLTKKYLKKNNLRDWLRVVANSKESYELRYFQINQDEEEEEDED	MAKATGRYNLISPKKDLEKGVVLSDLCNFLVSQTIQGWKVYWAGIEFDVTHKGMALLHRLKTNDFAPAWSMTRNLFPHLFQNPNSTIESPLWALRVILAAGIQDQLIDQSLIEPLAGALGLISDWLLTTNTNHFNMRTQRVKEQLSLKMLSLIRSNILKFINKLDALHVVNYNGLLSSIEIGTQNHTIIITRTNMGFLVELQEPDKSAMNRMKPGPAKFSLLHESTLKAFTQGSSTRMQSLILEFNSSLAI	VirHostNet	RL22_HUMAN	VP24_EBOZM	P35268	Q05322	False
uniprotkb:P35268	uniprotkb:Q05127	uniprotkb:RL22_HUMAN	uniprotkb:VP35_EBOZM	uniprotkb:RL22_HUMAN	uniprotkb:VP35_EBOZM	psi-mi:MI:0676(tandem affinity purification)	-	pubmed:22810585	9606	128952	psi-mi:MI:0915(physical association)	psi-mi:MI:1114(virhostnet)	virhostnet-rid:19143|virhostnet-nrid:18226	-	UNIPROT_AC:P35268	UNIPROT_AC:Q05127	ANIMAL	VIRUS	Homo sapiens	Zaire ebolavirus - Mayinga (Zaire, 1976)	MAPVKKLVVKGGKKKKQVLKFTLDCTHPVEDGIMDAANFEQFLQERIKVNGKAGNLGGGVVTIERSKSKITVTSEVPFSKRYLKYLTKKYLKKNNLRDWLRVVANSKESYELRYFQINQDEEEEEDED	MTTRTKGRGHTAATTQNDRMPGPELSGWISEQLMTGRIPVSDIFCDIENNPGLCYASQMQQTKPNPKTRNSQTQTDPICNHSFEEVVQTLASLATVVQQQTIASESLEQRITSLENGLKPVYDMAKTISSLNRVCAEMVAKYDLLVMTTGRATATAAATEAYWAEHGQPPPGPSLYEESAIRGKIESRDETVPQSVREAFNNLNSTTSLTEENFGKPDISAKDLRNIMYDHLPGFGTAFHQLVQVICKLGKDSNSLDIIHAEFQASLAEGDSPQCALIQITKRVPIFQDAAPPVIHIRSRGDIPRACQKSLRPVPPSPKIDRGWVCVFQLQDGKTLGLKI	VirHostNet	RL22_HUMAN	VP35_EBOZM	P35268	Q05127	False
uniprotkb:P51532	uniprotkb:Q05322	uniprotkb:SMCA4_HUMAN	uniprotkb:VP24_EBOZM	uniprotkb:SMCA4_HUMAN	uniprotkb:VP24_EBOZM	psi-mi:MI:0676(tandem affinity purification)	-	pubmed:22810585	9606	128952	psi-mi:MI:0915(physical association)	psi-mi:MI:1114(virhostnet)	virhostnet-rid:19717|virhostnet-nrid:18798	-	UNIPROT_AC:P51532	UNIPROT_AC:Q05322	ANIMAL	VIRUS	Homo sapiens	Zaire ebolavirus - Mayinga (Zaire, 1976)	MSTPDPPLGGTPRPGPSPGPGPSPGAMLGPSPGPSPGSAHSMMGPSPGPPSAGHPIPTQGPGGYPQDNMHQMHKPMESMHEKGMSDDPRYNQMKGMGMRSGGHAGMGPPPSPMDQHSQGYPSPLGGSEHASSPVPASGPSSGPQMSSGPGGAPLDGADPQALGQQNRGPTPFNQNQLHQLRAQIMAYKMLARGQPLPDHLQMAVQGKRPMPGMQQQMPTLPPPSVSATGPGPGPGPGPGPGPGPAPPNYSRPHGMGGPNMPPPGPSGVPPGMPGQPPGGPPKPWPEGPMANAAAPTSTPQKLIPPQPTGRPSPAPPAVPPAASPVMPPQTQSPGQPAQPAPMVPLHQKQSRITPIQKPRGLDPVEILQEREYRLQARIAHRIQELENLPGSLAGDLRTKATIELKALRLLNFQRQLRQEVVVCMRRDTALETALNAKAYKRSKRQSLREARITEKLEKQQKIEQERKRRQKHQEYLNSILQHAKDFKEYHRSVTGKIQKLTKAVATYHANTEREQKKENERIEKERMRRLMAEDEEGYRKLIDQKKDKRLAYLLQQTDEYVANLTELVRQHKAAQVAKEKKKKKKKKKAENAEGQTPAIGPDGEPLDETSQMSDLPVKVIHVESGKILTGTDAPKAGQLEAWLEMNPGYEVAPRSDSEESGSEEEEEEEEEEQPQAAQPPTLPVEEKKKIPDPDSDDVSEVDARHIIENAKQDVDDEYGVSQALARGLQSYYAVAHAVTERVDKQSALMVNGVLKQYQIKGLEWLVSLYNNNLNGILADEMGLGKTIQTIALITYLMEHKRINGPFLIIVPLSTLSNWAYEFDKWAPSVVKVSYKGSPAARRAFVPQLRSGKFNVLLTTYEYIIKDKHILAKIRWKYMIVDEGHRMKNHHCKLTQVLNTHYVAPRRLLLTGTPLQNKLPELWALLNFLLPTIFKSCSTFEQWFNAPFAMTGEKVDLNEEETILIIRRLHKVLRPFLLRRLKKEVEAQLPEKVEYVIKCDMSALQRVLYRHMQAKGVLLTDGSEKDKKGKGGTKTLMNTIMQLRKICNHPYMFQHIEESFSEHLGFTGGIVQGLDLYRASGKFELLDRILPKLRATNHKVLLFCQMTSLMTIMEDYFAYRGFKYLRLDGTTKAEDRGMLLKTFNEPGSEYFIFLLSTRAGGLGLNLQSADTVIIFDSDWNPHQDLQAQDRAHRIGQQNEVRVLRLCTVNSVEEKILAAAKYKLNVDQKVIQAGMFDQKSSSHERRAFLQAILEHEEQDESRHCSTGSGSASFAHTAPPPAGVNPDLEEPPLKEEDEVPDDETVNQMIARHEEEFDLFMRMDLDRRREEARNPKRKPRLMEEDELPSWIIKDDAEVERLTCEEEEEKMFGRGSRHRKEVDYSDSLTEKQWLKAIEEGTLEEIEEEVRQKKSSRKRKRDSDAGSSTPTTSTRSRDKDDESKKQKKRGRPPAEKLSPNPPNLTKKMKKIVDAVIKYKDSSSGRQLSEVFIQLPSRKELPEYYELIRKPVDFKKIKERIRNHKYRSLNDLEKDVMLLCQNAQTFNLEGSLIYEDSIVLQSVFTSVRQKIEKEDDSEGEESEEEEEGEEEGSESESRSVKVKIKLGRKEKAQDRLKGGRRRPSRGSRAKPVVSDDDSEEEQEEDRSGSGSEED	MAKATGRYNLISPKKDLEKGVVLSDLCNFLVSQTIQGWKVYWAGIEFDVTHKGMALLHRLKTNDFAPAWSMTRNLFPHLFQNPNSTIESPLWALRVILAAGIQDQLIDQSLIEPLAGALGLISDWLLTTNTNHFNMRTQRVKEQLSLKMLSLIRSNILKFINKLDALHVVNYNGLLSSIEIGTQNHTIIITRTNMGFLVELQEPDKSAMNRMKPGPAKFSLLHESTLKAFTQGSSTRMQSLILEFNSSLAI	VirHostNet	SMCA4_HUMAN	VP24_EBOZM	P51532	Q05322	False
uniprotkb:Q8TAQ2	uniprotkb:Q05322	uniprotkb:SMRC2_HUMAN	uniprotkb:VP24_EBOZM	uniprotkb:SMRC2_HUMAN	uniprotkb:VP24_EBOZM	psi-mi:MI:0676(tandem affinity purification)	-	pubmed:22810585	9606	128952	psi-mi:MI:0915(physical association)	psi-mi:MI:1114(virhostnet)	virhostnet-rid:19713|virhostnet-nrid:18794	-	UNIPROT_AC:Q8TAQ2	UNIPROT_AC:Q05322	ANIMAL	VIRUS	Homo sapiens	Zaire ebolavirus - Mayinga (Zaire, 1976)	MAVRKKDGGPNVKYYEAADTVTQFDNVRLWLGKNYKKYIQAEPPTNKSLSSLVVQLLQFQEEVFGKHVSNAPLTKLPIKCFLDFKAGGSLCHILAAAYKFKSDQGWRRYDFQNPSRMDRNVEMFMTIEKSLVQNNCLSRPNIFLCPEIEPKLLGKLKDIIKRHQGTVTEDKNNASHVVYPVPGNLEEEEWVRPVMKRDKQVLLHWGYYPDSYDTWIPASEIEASVEDAPTPEKPRKVHAKWILDTDTFNEWMNEEDYEVNDDKNPVSRRKKISAKTLTDEVNSPDSDRRDKKGGNYKKRKRSPSPSPTPEAKKKNAKKGPSTPYTKSKRGHREEEQEDLTKDMDEPSPVPNVEEVTLPKTVNTKKDSESAPVKGGTMTDLDEQEDESMETTGKDEDENSTGNKGEQTKNPDLHEDNVTEQTHHIIIPSYAAWFDYNSVHAIERRALPEFFNGKNKSKTPEIYLAYRNFMIDTYRLNPQEYLTSTACRRNLAGDVCAIMRVHAFLEQWGLINYQVDAESRPTPMGPPPTSHFHVLADTPSGLVPLQPKTPQQTSASQQMLNFPDKGKEKPTDMQNFGLRTDMYTKKNVPSKSKAAASATREWTEQETLLLLEALEMYKDDWNKVSEHVGSRTQDECILHFLRLPIEDPYLEDSEASLGPLAYQPIPFSQSGNPVMSTVAFLASVVDPRVASAAAKSALEEFSKMKEEVPTALVEAHVRKVEEAAKVTGKADPAFGLESSGIAGTTSDEPERIEESGNDEARVEGQATDEKKEPKEPREGGGAIEEEAKEKTSEAPKKDEEKGKEGDSEKESEKSDGDPIVDPEKEKEPKEGQEEVLKEVVESEGERKTKVERDIGEGNLSTAAAAALAAAAVKAKHLAAVEERKIKSLVALLVETQMKKLEIKLRHFEELETIMDREREALEYQRQQLLADRQAFHMEQLKYAEMRARQQHFQQMHQQQQQPPPALPPGSQPIPPTGAAGPPAVHGLAVAPASVVPAPAGSGAPPGSLGPSEQIGQAGSTAGPQQQQPAGAPQPGAVPPGVPPPGPHGPSPFPNQQTPPSMMPGAVPGSGHPGVAGNAPLGLPFGMPPPPPPPAPSIIPFGSLADSISINLPAPPNLHGHHHHLPFAPGTLPPPNLPVSMANPLHPNLPATTTMPSSLPLGPGLGSAAAQSPAIVAAVQGNLLPSASPLPDPGTPLPPDPTAPSPGTVTPVPPPQ	MAKATGRYNLISPKKDLEKGVVLSDLCNFLVSQTIQGWKVYWAGIEFDVTHKGMALLHRLKTNDFAPAWSMTRNLFPHLFQNPNSTIESPLWALRVILAAGIQDQLIDQSLIEPLAGALGLISDWLLTTNTNHFNMRTQRVKEQLSLKMLSLIRSNILKFINKLDALHVVNYNGLLSSIEIGTQNHTIIITRTNMGFLVELQEPDKSAMNRMKPGPAKFSLLHESTLKAFTQGSSTRMQSLILEFNSSLAI	VirHostNet	SMRC2_HUMAN	VP24_EBOZM	Q8TAQ2	Q05322	False
uniprotkb:P49411	uniprotkb:Q05322	uniprotkb:EFTU_HUMAN	uniprotkb:VP24_EBOZM	uniprotkb:EFTU_HUMAN	uniprotkb:VP24_EBOZM	psi-mi:MI:0004(affinity chromatography technology)	-	pubmed:25158218	9606	128952	psi-mi:MI:0915(physical association)	psi-mi:MI:1114(virhostnet)	virhostnet-rid:25355|virhostnet-nrid:24274	-	UNIPROT_AC:P49411	UNIPROT_AC:Q05322	ANIMAL	VIRUS	Homo sapiens	Zaire ebolavirus - Mayinga (Zaire, 1976)	MAAATLLRATPHFSGLAAGRTFLLQGLLRLLKAPALPLLCRGLAVEAKKTYVRDKPHVNVGTIGHVDHGKTTLTAAITKILAEGGGAKFKKYEEIDNAPEERARGITINAAHVEYSTAARHYAHTDCPGHADYVKNMITGTAPLDGCILVVAANDGPMPQTREHLLLARQIGVEHVVVYVNKADAVQDSEMVELVELEIRELLTEFGYKGEETPVIVGSALCALEGRDPELGLKSVQKLLDAVDTYIPVPARDLEKPFLLPVEAVYSVPGRGTVVTGTLERGILKKGDECELLGHSKNIRTVVTGIEMFHKSLERAEAGDNLGALVRGLKREDLRRGLVMVKPGSIKPHQKVEAQVYILSKEEGGRHKPFVSHFMPVMFSLTWDMACRIILPPEKELAMPGEDLKFNLILRQPMILEKGQRFTLRDGNRTIGTGLVTNTLAMTEEEKNIKWG	MAKATGRYNLISPKKDLEKGVVLSDLCNFLVSQTIQGWKVYWAGIEFDVTHKGMALLHRLKTNDFAPAWSMTRNLFPHLFQNPNSTIESPLWALRVILAAGIQDQLIDQSLIEPLAGALGLISDWLLTTNTNHFNMRTQRVKEQLSLKMLSLIRSNILKFINKLDALHVVNYNGLLSSIEIGTQNHTIIITRTNMGFLVELQEPDKSAMNRMKPGPAKFSLLHESTLKAFTQGSSTRMQSLILEFNSSLAI	VirHostNet	EFTU_HUMAN	VP24_EBOZM	P49411	Q05322	False
uniprotkb:P27708	uniprotkb:Q05322	uniprotkb:PYR1_HUMAN	uniprotkb:VP24_EBOZM	uniprotkb:PYR1_HUMAN	uniprotkb:VP24_EBOZM	psi-mi:MI:0004(affinity chromatography technology)	-	pubmed:25158218	9606	128952	psi-mi:MI:0915(physical association)	psi-mi:MI:1114(virhostnet)	virhostnet-rid:25353|virhostnet-nrid:24272	-	UNIPROT_AC:P27708	UNIPROT_AC:Q05322	ANIMAL	VIRUS	Homo sapiens	Zaire ebolavirus - Mayinga (Zaire, 1976)	MAALVLEDGSVLRGQPFGAAVSTAGEVVFQTGMVGYPEALTDPSYKAQILVLTYPLIGNYGIPPDEMDEFGLCKWFESSGIHVAALVVGECCPTPSHWSATRTLHEWLQQHGIPGLQGVDTRELTKKLREQGSLLGKLVQNGTEPSSLPFLDPNARPLVPEVSIKTPRVFNTGGAPRILALDCGLKYNQIRCLCQRGAEVTVVPWDHALDSQEYEGLFLSNGPGDPASYPSVVSTLSRVLSEPNPRPVFGICLGHQLLALAIGAKTYKMRYGNRGHNQPCLLVGSGRCFLTSQNHGFAVETDSLPADWAPLFTNANDGSNEGIVHNSLPFFSVQFHPEHQAGPSDMELLFDIFLETVKEATAGNPGGQTVRERLTERLCPPGIPTPGSGLPPPRKVLILGSGGLSIGQAGEFDYSGSQAIKALKEENIQTLLINPNIATVQTSQGLADKVYFLPITPHYVTQVIRNERPDGVLLTFGGQTALNCGVELTKAGVLARYGVRVLGTPVETIELTEDRRAFAARMAEIGEHVAPSEAANSLEQAQAAAERLGYPVLVRAAFALGGLGSGFASNREELSALVAPAFAHTSQVLVDKSLKGWKEIEYEVVRDAYGNCVTVCNMENLDPLGIHTGESIVVAPSQTLNDREYQLLRQTAIKVTQHLGIVGECNVQYALNPESEQYYIIEVNARLSRSSALASKATGYPLAYVAAKLALGIPLPELRNSVTGGTAAFEPSVDYCVVKIPRWDLSKFLRVSTKIGSCMKSVGEVMGIGRSFEEAFQKALRMVDENCVGFDHTVKPVSDMELETPTDKRIFVVAAALWAGYSVDRLYELTRIDRWFLHRMKRIIAHAQLLEQHRGQPLPPDLLQQAKCLGFSDKQIALAVLSTELAVRKLRQELGICPAVKQIDTVAAEWPAQTNYLYLTYWGTTHDLTFRTPHVLVLGSGVYRIGSSVEFDWCAVGCIQQLRKMGYKTIMVNYNPETVSTDYDMCDRLYFDEISFEVVMDIYELENPEGVILSMGGQLPNNMAMALHRQQCRVLGTSPEAIDSAENRFKFSRLLDTIGISQPQWRELSDLESARQFCQTVGYPCVVRPSYVLSGAAMNVAYTDGDLERFLSSAAAVSKEHPVVISKFIQEAKEIDVDAVASDGVVAAIAISEHVENAGVHSGDATLVTPPQDITAKTLERIKAIVHAVGQELQVTGPFNLQLIAKDDQLKVIECNVRVSRSFPFVSKTLGVDLVALATRVIMGEEVEPVGLMTGSGVVGVKVPQFSFSRLAGADVVLGVEMTSTGEVAGFGESRCEAYLKAMLSTGFKIPKKNILLTIGSYKNKSELLPTVRLLESLGYSLYASLGTADFYTEHGVKVTAVDWHFEEAVDGECPPQRSILEQLAEKNFELVINLSMRGAGGRRLSSFVTKGYRTRRLAADFSVPLIIDIKCTKLFVEALGQIGPAPPLKVHVDCMTSQKLVRLPGLIDVHVHLREPGGTHKEDFASGTAAALAGGITMVCAMPNTRPPIIDAPALALAQKLAEAGARCDFALFLGASSENAGTLGTVAGSAAGLKLYLNETFSELRLDSVVQWMEHFETWPSHLPIVAHAEQQTVAAVLMVAQLTQRSVHICHVARKEEILLIKAAKARGLPVTCEVAPHHLFLSHDDLERLGPGKGEVRPELGSRQDVEALWENMAVIDCFASDHAPHTLEEKCGSRPPPGFPGLETMLPLLLTAVSEGRLSLDDLLQRLHHNPRRIFHLPPQEDTYVEVDLEHEWTIPSHMPFSKAHWTPFEGQKVKGTVRRVVLRGEVAYIDGQVLVPPGYGQDVRKWPQGAVPQLPPSAPATSEMTTTPERPRRGIPGLPDGRFHLPPRIHRASDPGLPAEEPKEKSSRKVAEPELMGTPDGTCYPPPPVPRQASPQNLGTPGLLHPQTSPLLHSLVGQHILSVQQFTKDQMSHLFNVAHTLRMMVQKERSLDILKGKVMASMFYEVSTRTSSSFAAAMARLGGAVLSFSEATSSVQKGESLADSVQTMSCYADVVVLRHPQPGAVELAAKHCRRPVINAGDGVGEHPTQALLDIFTIREELGTVNGMTITMVGDLKHGRTVHSLACLLTQYRVSLRYVAPPSLRMPPTVRAFVASRGTKQEEFESIEEALPDTDVLYMTRIQKERFGSTQEYEACFGQFILTPHIMTRAKKKMVVMHPMPRVNEISVEVDSDPRAAYFRQAENGMYIRMALLATVLGRF	MAKATGRYNLISPKKDLEKGVVLSDLCNFLVSQTIQGWKVYWAGIEFDVTHKGMALLHRLKTNDFAPAWSMTRNLFPHLFQNPNSTIESPLWALRVILAAGIQDQLIDQSLIEPLAGALGLISDWLLTTNTNHFNMRTQRVKEQLSLKMLSLIRSNILKFINKLDALHVVNYNGLLSSIEIGTQNHTIIITRTNMGFLVELQEPDKSAMNRMKPGPAKFSLLHESTLKAFTQGSSTRMQSLILEFNSSLAI	VirHostNet	PYR1_HUMAN	VP24_EBOZM	P27708	Q05322	False
uniprotkb:Q16695	uniprotkb:Q05322	uniprotkb:H31T_HUMAN	uniprotkb:VP24_EBOZM	uniprotkb:H31T_HUMAN	uniprotkb:VP24_EBOZM	psi-mi:MI:0676(tandem affinity purification)	-	pubmed:22810585	9606	128952	psi-mi:MI:0915(physical association)	psi-mi:MI:1114(virhostnet)	virhostnet-rid:19695|virhostnet-nrid:18776	-	UNIPROT_AC:Q16695	UNIPROT_AC:Q05322	ANIMAL	VIRUS	Homo sapiens	Zaire ebolavirus - Mayinga (Zaire, 1976)	MARTKQTARKSTGGKAPRKQLATKVARKSAPATGGVKKPHRYRPGTVALREIRRYQKSTELLIRKLPFQRLMREIAQDFKTDLRFQSSAVMALQEACESYLVGLFEDTNLCVIHAKRVTIMPKDIQLARRIRGERA	MAKATGRYNLISPKKDLEKGVVLSDLCNFLVSQTIQGWKVYWAGIEFDVTHKGMALLHRLKTNDFAPAWSMTRNLFPHLFQNPNSTIESPLWALRVILAAGIQDQLIDQSLIEPLAGALGLISDWLLTTNTNHFNMRTQRVKEQLSLKMLSLIRSNILKFINKLDALHVVNYNGLLSSIEIGTQNHTIIITRTNMGFLVELQEPDKSAMNRMKPGPAKFSLLHESTLKAFTQGSSTRMQSLILEFNSSLAI	VirHostNet	H31T_HUMAN	VP24_EBOZM	Q16695	Q05322	False
uniprotkb:Q99877	uniprotkb:Q05127	uniprotkb:H2B1N_HUMAN	uniprotkb:VP35_EBOZM	uniprotkb:H2B1N_HUMAN	uniprotkb:VP35_EBOZM	psi-mi:MI:0676(tandem affinity purification)	-	pubmed:22810585	9606	128952	psi-mi:MI:0915(physical association)	psi-mi:MI:1114(virhostnet)	virhostnet-rid:19140|virhostnet-nrid:18223	-	UNIPROT_AC:Q99877	UNIPROT_AC:Q05127	ANIMAL	VIRUS	Homo sapiens	Zaire ebolavirus - Mayinga (Zaire, 1976)	MPEPSKSAPAPKKGSKKAVTKAQKKDGKKRKRSRKESYSVYVYKVLKQVHPDTGISSKAMGIMNSFVNDIFERIAGEASRLAHYNKRSTITSREIQTAVRLLLPGELAKHAVSEGTKAVTKYTSSK	MTTRTKGRGHTAATTQNDRMPGPELSGWISEQLMTGRIPVSDIFCDIENNPGLCYASQMQQTKPNPKTRNSQTQTDPICNHSFEEVVQTLASLATVVQQQTIASESLEQRITSLENGLKPVYDMAKTISSLNRVCAEMVAKYDLLVMTTGRATATAAATEAYWAEHGQPPPGPSLYEESAIRGKIESRDETVPQSVREAFNNLNSTTSLTEENFGKPDISAKDLRNIMYDHLPGFGTAFHQLVQVICKLGKDSNSLDIIHAEFQASLAEGDSPQCALIQITKRVPIFQDAAPPVIHIRSRGDIPRACQKSLRPVPPSPKIDRGWVCVFQLQDGKTLGLKI	VirHostNet	H2B1N_HUMAN	VP35_EBOZM	Q99877	Q05127	False
uniprotkb:Q99879	uniprotkb:Q05127	uniprotkb:H2B1M_HUMAN	uniprotkb:VP35_EBOZM	uniprotkb:H2B1M_HUMAN	uniprotkb:VP35_EBOZM	psi-mi:MI:0676(tandem affinity purification)	-	pubmed:22810585	9606	128952	psi-mi:MI:0915(physical association)	psi-mi:MI:1114(virhostnet)	virhostnet-rid:19136|virhostnet-nrid:18219	-	UNIPROT_AC:Q99879	UNIPROT_AC:Q05127	ANIMAL	VIRUS	Homo sapiens	Zaire ebolavirus - Mayinga (Zaire, 1976)	MPEPVKSAPVPKKGSKKAINKAQKKDGKKRKRSRKESYSVYVYKVLKQVHPDTGISSKAMGIMNSFVNDIFERIAGEASRLAHYNKRSTITSREIQTAVRLLLPGELAKHAVSEGTKAVTKYTSSK	MTTRTKGRGHTAATTQNDRMPGPELSGWISEQLMTGRIPVSDIFCDIENNPGLCYASQMQQTKPNPKTRNSQTQTDPICNHSFEEVVQTLASLATVVQQQTIASESLEQRITSLENGLKPVYDMAKTISSLNRVCAEMVAKYDLLVMTTGRATATAAATEAYWAEHGQPPPGPSLYEESAIRGKIESRDETVPQSVREAFNNLNSTTSLTEENFGKPDISAKDLRNIMYDHLPGFGTAFHQLVQVICKLGKDSNSLDIIHAEFQASLAEGDSPQCALIQITKRVPIFQDAAPPVIHIRSRGDIPRACQKSLRPVPPSPKIDRGWVCVFQLQDGKTLGLKI	VirHostNet	H2B1M_HUMAN	VP35_EBOZM	Q99879	Q05127	False
uniprotkb:Q9BQE3	uniprotkb:Q05127	uniprotkb:TBA1C_HUMAN	uniprotkb:VP35_EBOZM	uniprotkb:TBA1C_HUMAN	uniprotkb:VP35_EBOZM	psi-mi:MI:0676(tandem affinity purification)	-	pubmed:22810585	9606	128952	psi-mi:MI:0915(physical association)	psi-mi:MI:1114(virhostnet)	virhostnet-rid:18281|virhostnet-nrid:17391	-	UNIPROT_AC:Q9BQE3	UNIPROT_AC:Q05127	ANIMAL	VIRUS	Homo sapiens	Zaire ebolavirus - Mayinga (Zaire, 1976)	MRECISIHVGQAGVQIGNACWELYCLEHGIQPDGQMPSDKTIGGGDDSFNTFFSETGAGKHVPRAVFVDLEPTVIDEVRTGTYRQLFHPEQLITGKEDAANNYARGHYTIGKEIIDLVLDRIRKLADQCTGLQGFLVFHSFGGGTGSGFTSLLMERLSVDYGKKSKLEFSIYPAPQVSTAVVEPYNSILTTHTTLEHSDCAFMVDNEAIYDICRRNLDIERPTYTNLNRLISQIVSSITASLRFDGALNVDLTEFQTNLVPYPRIHFPLATYAPVISAEKAYHEQLTVAEITNACFEPANQMVKCDPRHGKYMACCLLYRGDVVPKDVNAAIATIKTKRTIQFVDWCPTGFKVGINYQPPTVVPGGDLAKVQRAVCMLSNTTAVAEAWARLDHKFDLMYAKRAFVHWYVGEGMEEGEFSEAREDMAALEKDYEEVGADSADGEDEGEEY	MTTRTKGRGHTAATTQNDRMPGPELSGWISEQLMTGRIPVSDIFCDIENNPGLCYASQMQQTKPNPKTRNSQTQTDPICNHSFEEVVQTLASLATVVQQQTIASESLEQRITSLENGLKPVYDMAKTISSLNRVCAEMVAKYDLLVMTTGRATATAAATEAYWAEHGQPPPGPSLYEESAIRGKIESRDETVPQSVREAFNNLNSTTSLTEENFGKPDISAKDLRNIMYDHLPGFGTAFHQLVQVICKLGKDSNSLDIIHAEFQASLAEGDSPQCALIQITKRVPIFQDAAPPVIHIRSRGDIPRACQKSLRPVPPSPKIDRGWVCVFQLQDGKTLGLKI	VirHostNet	TBA1C_HUMAN	VP35_EBOZM	Q9BQE3	Q05127	False
uniprotkb:Q9BQE3	uniprotkb:Q05322	uniprotkb:TBA1C_HUMAN	uniprotkb:VP24_EBOZM	uniprotkb:TBA1C_HUMAN	uniprotkb:VP24_EBOZM	psi-mi:MI:0676(tandem affinity purification)	-	pubmed:22810585	9606	128952	psi-mi:MI:0915(physical association)	psi-mi:MI:1114(virhostnet)	virhostnet-rid:19708|virhostnet-nrid:18789	-	UNIPROT_AC:Q9BQE3	UNIPROT_AC:Q05322	ANIMAL	VIRUS	Homo sapiens	Zaire ebolavirus - Mayinga (Zaire, 1976)	MRECISIHVGQAGVQIGNACWELYCLEHGIQPDGQMPSDKTIGGGDDSFNTFFSETGAGKHVPRAVFVDLEPTVIDEVRTGTYRQLFHPEQLITGKEDAANNYARGHYTIGKEIIDLVLDRIRKLADQCTGLQGFLVFHSFGGGTGSGFTSLLMERLSVDYGKKSKLEFSIYPAPQVSTAVVEPYNSILTTHTTLEHSDCAFMVDNEAIYDICRRNLDIERPTYTNLNRLISQIVSSITASLRFDGALNVDLTEFQTNLVPYPRIHFPLATYAPVISAEKAYHEQLTVAEITNACFEPANQMVKCDPRHGKYMACCLLYRGDVVPKDVNAAIATIKTKRTIQFVDWCPTGFKVGINYQPPTVVPGGDLAKVQRAVCMLSNTTAVAEAWARLDHKFDLMYAKRAFVHWYVGEGMEEGEFSEAREDMAALEKDYEEVGADSADGEDEGEEY	MAKATGRYNLISPKKDLEKGVVLSDLCNFLVSQTIQGWKVYWAGIEFDVTHKGMALLHRLKTNDFAPAWSMTRNLFPHLFQNPNSTIESPLWALRVILAAGIQDQLIDQSLIEPLAGALGLISDWLLTTNTNHFNMRTQRVKEQLSLKMLSLIRSNILKFINKLDALHVVNYNGLLSSIEIGTQNHTIIITRTNMGFLVELQEPDKSAMNRMKPGPAKFSLLHESTLKAFTQGSSTRMQSLILEFNSSLAI	VirHostNet	TBA1C_HUMAN	VP24_EBOZM	Q9BQE3	Q05322	False
uniprotkb:Q96KK5	uniprotkb:Q05127	uniprotkb:H2A1H_HUMAN	uniprotkb:VP35_EBOZM	uniprotkb:H2A1H_HUMAN	uniprotkb:VP35_EBOZM	psi-mi:MI:0676(tandem affinity purification)	-	pubmed:22810585	9606	128952	psi-mi:MI:0915(physical association)	psi-mi:MI:1114(virhostnet)	virhostnet-rid:18621|virhostnet-nrid:17704	-	UNIPROT_AC:Q96KK5	UNIPROT_AC:Q05127	ANIMAL	VIRUS	Homo sapiens	Zaire ebolavirus - Mayinga (Zaire, 1976)	MSGRGKQGGKARAKAKTRSSRAGLQFPVGRVHRLLRKGNYAERVGAGAPVYLAAVLEYLTAEILELAGNAARDNKKTRIIPRHLQLAIRNDEELNKLLGKVTIAQGGVLPNIQAVLLPKKTESHHKAK	MTTRTKGRGHTAATTQNDRMPGPELSGWISEQLMTGRIPVSDIFCDIENNPGLCYASQMQQTKPNPKTRNSQTQTDPICNHSFEEVVQTLASLATVVQQQTIASESLEQRITSLENGLKPVYDMAKTISSLNRVCAEMVAKYDLLVMTTGRATATAAATEAYWAEHGQPPPGPSLYEESAIRGKIESRDETVPQSVREAFNNLNSTTSLTEENFGKPDISAKDLRNIMYDHLPGFGTAFHQLVQVICKLGKDSNSLDIIHAEFQASLAEGDSPQCALIQITKRVPIFQDAAPPVIHIRSRGDIPRACQKSLRPVPPSPKIDRGWVCVFQLQDGKTLGLKI	VirHostNet	H2A1H_HUMAN	VP35_EBOZM	Q96KK5	Q05127	False
uniprotkb:A8CG34	uniprotkb:Q05322	uniprotkb:P121C_HUMAN	uniprotkb:VP24_EBOZM	uniprotkb:P121C_HUMAN	uniprotkb:VP24_EBOZM	psi-mi:MI:0676(tandem affinity purification)	-	pubmed:22810585	9606	128952	psi-mi:MI:0915(physical association)	psi-mi:MI:1114(virhostnet)	virhostnet-rid:19690|virhostnet-nrid:18771	-	UNIPROT_AC:A8CG34	UNIPROT_AC:Q05322	ANIMAL	VIRUS	Homo sapiens	Zaire ebolavirus - Mayinga (Zaire, 1976)	MSPAAAAAGAGERRRPIASVRDGRGRGCGGPAGAALLGLSLVGLLLYLVPAAAALAWLAVGTTAAWWGLSREPRGSRPLSSFVQKARHRRTLFASPPAKSTANGNLLEPRTLLEGPDPAELLLMGSYLGKPGPPQPAPAPEGQDLRNRPGRRPPARPAPRSTPPSPPTHRVHHFYPSLPTPLLRPSGRPSPRDRGTLPDRFVITPRRRYPIHQTQYSCPGVLPTVCWNGYHKKAVLSPRNSRMVCSPVTVRIAPPDRRFSRSAIPEQIISSTLSSPSSNAPDPCAKETVLSALKEKKKKRTVEEEDQIFLDGQENKRRRHDSSGSGHSAFEPLVASGVPASFVPKPGSLKRGLNSQSSDDHLNKRSRSSSMSSLTGAYTSGIPSSSRNAITSSYSSTRGISQLWKRNGPSSSPFSSPASSRSQTPERPAKKIREEELCHHSSSSTPLAADKESQGEKAADTTPRKKQNSNSQSTPGSSGQRKRKVQLLPSRRGEQLTLPPPPQLGYSITAEDLDLEKKASLQWFNQALEDKSDAASNSVTETPPTTQPSFTFTLPAAATASPPTSLLAPSTNPLLESLKKMQTPPSLPPCPESAGAATTEALSPPKTPSLLPPLGLSQSGPPGLLPSPSFDSKPPTTLLGLIPAPSMVPATDTKAPPTLQAETATKPQATSAPSPAPKQSFLFGTQNTSPSSPAAPAASSASPMFKPIFTAPPKSEKEGPTPPGPSVTATAPSSSSLPTTTSTTAPTFQPVFSSMGPPASVPLPAPFFKQTTTPATAPTTTAPLFTGLASATSAVAPITSASPSTDSASKPAFGFGINSVSSSSVSTTTSTATAASQPFLFGAPQASAASFTPAMGSIFQFGKPPALPTTTTVTTFSQSLPTAVPTATSSSAADFSGFGSTLATSAPATSSQPTLTFSNTSTPTFNIPFGSSAKSPLPSYPGANPQPAFGAAEGQPPGAAKPALTPSFGSSFTFGNSAAPAPATAPTPAPASTIKIVPAHVPTPIQPTFGGATHSAFGLKATASAFGAPASSQPAFGGSTAVFSFGAATSSGFGATTQTASSGSSSSVFGSTTPSPFTFGGSAAPAGSGSFGINVATPGSSATTGAFSFGAGQSGSTATSTPFTGGLGQNALGTTGQSTPFAFNVGSTTESKPVFGGTATPTFGQNTPAPGVGTSGSSLSFGASSAPAQGFVGVGPFGSAAPSFSIGAGSKTPGARQRLQARRQHTRKK	MAKATGRYNLISPKKDLEKGVVLSDLCNFLVSQTIQGWKVYWAGIEFDVTHKGMALLHRLKTNDFAPAWSMTRNLFPHLFQNPNSTIESPLWALRVILAAGIQDQLIDQSLIEPLAGALGLISDWLLTTNTNHFNMRTQRVKEQLSLKMLSLIRSNILKFINKLDALHVVNYNGLLSSIEIGTQNHTIIITRTNMGFLVELQEPDKSAMNRMKPGPAKFSLLHESTLKAFTQGSSTRMQSLILEFNSSLAI	VirHostNet	P121C_HUMAN	VP24_EBOZM	A8CG34	Q05322	False
uniprotkb:F8VVM2	uniprotkb:Q05322	uniprotkb:F8VVM2_HUMAN	uniprotkb:VP24_EBOZM	uniprotkb:F8VVM2_HUMAN	uniprotkb:VP24_EBOZM	psi-mi:MI:0004(affinity chromatography technology)	-	pubmed:25158218	9606	128952	psi-mi:MI:0915(physical association)	psi-mi:MI:1114(virhostnet)	virhostnet-rid:25351|virhostnet-nrid:24270	-	UNIPROT_AC:F8VVM2	UNIPROT_AC:Q05322	ANIMAL	VIRUS	Homo sapiens	Zaire ebolavirus - Mayinga (Zaire, 1976)	MFSSVAHLARANPFNTPHLQLVHDGLGDLRSSSPGPTGQPRRPRNLAAAAVEEYSCEFGSAKYYALCGFGGVLSCGLTHTAVVPLDLVKCRMQVDPQKYKGIFNGFSVTLKEDGVRGLAKGWAPTFLGYSMQGLCKFGFYEVFKVLYSNMLGEENTYLWRTSLYLAASASAEFFADIALAPMEAAKVRIQTQPGYANTLRDAAPKMYKEEGLKAFYKGVAPLWMRQIPYTMMKFACFERTVEALYKFVVPKPRSECSKPEQLVVTFVAGYIGVWKGLFARIIMIGTLTALQWFIYDSVKVYFRLPRPPPPEMPESLKKKLGLTQ	MAKATGRYNLISPKKDLEKGVVLSDLCNFLVSQTIQGWKVYWAGIEFDVTHKGMALLHRLKTNDFAPAWSMTRNLFPHLFQNPNSTIESPLWALRVILAAGIQDQLIDQSLIEPLAGALGLISDWLLTTNTNHFNMRTQRVKEQLSLKMLSLIRSNILKFINKLDALHVVNYNGLLSSIEIGTQNHTIIITRTNMGFLVELQEPDKSAMNRMKPGPAKFSLLHESTLKAFTQGSSTRMQSLILEFNSSLAI	VirHostNet	F8VVM2_HUMAN	VP24_EBOZM	F8VVM2	Q05322	False
uniprotkb:O15131	uniprotkb:Q77DB4	uniprotkb:IMA6_HUMAN	uniprotkb:VP24_EBORR	uniprotkb:IMA6_HUMAN	uniprotkb:VP24_EBORR	psi-mi:MI:0019(coimmunoprecipitation)	-	pubmed:17928350	9606	386032	psi-mi:MI:0915(physical association)	psi-mi:MI:1114(virhostnet)	virhostnet-rid:47524|virhostnet-nrid:44272	-	UNIPROT_AC:O15131	UNIPROT_AC:Q77DB4	ANIMAL	VIRUS	Homo sapiens	Reston ebolavirus - Reston (1989)	MASPGKDNYRMKSYKNKALNPQEMRRRREEEGIQLRKQKREEQLFKRRNVYLPRNDESMLESPIQDPDISSTVPIPEEEVVTTDMVQMIFSNNADQQLTATQKFRKLLSKEPNPPIDQVIQKPGVVQRFVKFLERNENCTLQFEAAWALTNIASGTFLHTKVVIETGAVPIFIKLLNSEHEDVQEQAVWALGNIAGDNAECRDFVLNCEILPPLLELLTNSNRLTTTRNAVWALSNLCRGKNPPPNFSKVSPCLNVLSRLLFSSDPDVLADVCWALSYLSDGPNDKIQAVIDSGVCRRLVELLMHNDYKVVSPALRAVGNIVTGDDIQTQVILNCSALPCLLHLLSSPKESIRKEACWTVSNITAGNRAQIQAVIDANIFPVLIEILQKAEFRTRKEAAWAITNATSGGTPEQIRYLVALGCIKPLCDLLTVMDSKIVQVALNGLENILRLGEQESKQNGIGINPYCALIEEAYGLDKIEFLQSHENQEIYQKAFDLIEHYFGVEEDDPSIVPQVDENQQQFIFQQQEAPMDGFQL	MAKATGRYNLVPPKKDMEKGVIFSDLCNFLITQTLQGWKVYWAGIEFDVSQKGMALLTRLKTNDFAPAWAMTRNLFPHLFQNPNSVIQSPIWALRVILAAGLQDQLLDHSLVEPLTGALGLISDWLLTTTSTHFNLRTRSVKDQLSLRMLSLIRSNILQFINKLDALHVVNYNGLLSSIEIGTSTHTIIITRTNMGFLVEVQEPDKSAMNSKRPGPVKFSLLHESAFKPFTRVPQSGMQSLIMEFNSLLAI	VirHostNet	IMA6_HUMAN	VP24_EBORR	O15131	Q77DB4	False
uniprotkb:O15131	uniprotkb:Q05322	uniprotkb:IMA6_HUMAN	uniprotkb:VP24_EBOZM	uniprotkb:IMA6_HUMAN	uniprotkb:VP24_EBOZM	psi-mi:MI:0676(tandem affinity purification)	-	pubmed:22810585	9606	128952	psi-mi:MI:0915(physical association)	psi-mi:MI:1114(virhostnet)	virhostnet-rid:19719|virhostnet-nrid:18800	-	UNIPROT_AC:O15131	UNIPROT_AC:Q05322	ANIMAL	VIRUS	Homo sapiens	Zaire ebolavirus - Mayinga (Zaire, 1976)	MASPGKDNYRMKSYKNKALNPQEMRRRREEEGIQLRKQKREEQLFKRRNVYLPRNDESMLESPIQDPDISSTVPIPEEEVVTTDMVQMIFSNNADQQLTATQKFRKLLSKEPNPPIDQVIQKPGVVQRFVKFLERNENCTLQFEAAWALTNIASGTFLHTKVVIETGAVPIFIKLLNSEHEDVQEQAVWALGNIAGDNAECRDFVLNCEILPPLLELLTNSNRLTTTRNAVWALSNLCRGKNPPPNFSKVSPCLNVLSRLLFSSDPDVLADVCWALSYLSDGPNDKIQAVIDSGVCRRLVELLMHNDYKVVSPALRAVGNIVTGDDIQTQVILNCSALPCLLHLLSSPKESIRKEACWTVSNITAGNRAQIQAVIDANIFPVLIEILQKAEFRTRKEAAWAITNATSGGTPEQIRYLVALGCIKPLCDLLTVMDSKIVQVALNGLENILRLGEQESKQNGIGINPYCALIEEAYGLDKIEFLQSHENQEIYQKAFDLIEHYFGVEEDDPSIVPQVDENQQQFIFQQQEAPMDGFQL	MAKATGRYNLISPKKDLEKGVVLSDLCNFLVSQTIQGWKVYWAGIEFDVTHKGMALLHRLKTNDFAPAWSMTRNLFPHLFQNPNSTIESPLWALRVILAAGIQDQLIDQSLIEPLAGALGLISDWLLTTNTNHFNMRTQRVKEQLSLKMLSLIRSNILKFINKLDALHVVNYNGLLSSIEIGTQNHTIIITRTNMGFLVELQEPDKSAMNRMKPGPAKFSLLHESTLKAFTQGSSTRMQSLILEFNSSLAI	VirHostNet	IMA6_HUMAN	VP24_EBOZM	O15131	Q05322	False
uniprotkb:O15131	uniprotkb:Q05322	uniprotkb:IMA6_HUMAN	uniprotkb:VP24_EBOZM	uniprotkb:IMA6_HUMAN	uniprotkb:VP24_EBOZM	psi-mi:MI:0019(coimmunoprecipitation)	-	pubmed:17928350	9606	128952	psi-mi:MI:0915(physical association)	psi-mi:MI:1114(virhostnet)	virhostnet-rid:47372|virhostnet-nrid:18800	-	UNIPROT_AC:O15131	UNIPROT_AC:Q05322	ANIMAL	VIRUS	Homo sapiens	Zaire ebolavirus - Mayinga (Zaire, 1976)	MASPGKDNYRMKSYKNKALNPQEMRRRREEEGIQLRKQKREEQLFKRRNVYLPRNDESMLESPIQDPDISSTVPIPEEEVVTTDMVQMIFSNNADQQLTATQKFRKLLSKEPNPPIDQVIQKPGVVQRFVKFLERNENCTLQFEAAWALTNIASGTFLHTKVVIETGAVPIFIKLLNSEHEDVQEQAVWALGNIAGDNAECRDFVLNCEILPPLLELLTNSNRLTTTRNAVWALSNLCRGKNPPPNFSKVSPCLNVLSRLLFSSDPDVLADVCWALSYLSDGPNDKIQAVIDSGVCRRLVELLMHNDYKVVSPALRAVGNIVTGDDIQTQVILNCSALPCLLHLLSSPKESIRKEACWTVSNITAGNRAQIQAVIDANIFPVLIEILQKAEFRTRKEAAWAITNATSGGTPEQIRYLVALGCIKPLCDLLTVMDSKIVQVALNGLENILRLGEQESKQNGIGINPYCALIEEAYGLDKIEFLQSHENQEIYQKAFDLIEHYFGVEEDDPSIVPQVDENQQQFIFQQQEAPMDGFQL	MAKATGRYNLISPKKDLEKGVVLSDLCNFLVSQTIQGWKVYWAGIEFDVTHKGMALLHRLKTNDFAPAWSMTRNLFPHLFQNPNSTIESPLWALRVILAAGIQDQLIDQSLIEPLAGALGLISDWLLTTNTNHFNMRTQRVKEQLSLKMLSLIRSNILKFINKLDALHVVNYNGLLSSIEIGTQNHTIIITRTNMGFLVELQEPDKSAMNRMKPGPAKFSLLHESTLKAFTQGSSTRMQSLILEFNSSLAI	VirHostNet	IMA6_HUMAN	VP24_EBOZM	O15131	Q05322	False
uniprotkb:P0DMV9	uniprotkb:Q05322	uniprotkb:HS71B_HUMAN	uniprotkb:VP24_EBOZM	uniprotkb:HS71B_HUMAN	uniprotkb:VP24_EBOZM	psi-mi:MI:0004(affinity chromatography technology)	-	pubmed:25158218	9606	128952	psi-mi:MI:0915(physical association)	psi-mi:MI:1114(virhostnet)	virhostnet-rid:25380|virhostnet-nrid:24297	-	UNIPROT_AC:P0DMV9	UNIPROT_AC:Q05322	ANIMAL	VIRUS	Homo sapiens	Zaire ebolavirus - Mayinga (Zaire, 1976)	MAKAAAIGIDLGTTYSCVGVFQHGKVEIIANDQGNRTTPSYVAFTDTERLIGDAAKNQVALNPQNTVFDAKRLIGRKFGDPVVQSDMKHWPFQVINDGDKPKVQVSYKGETKAFYPEEISSMVLTKMKEIAEAYLGYPVTNAVITVPAYFNDSQRQATKDAGVIAGLNVLRIINEPTAAAIAYGLDRTGKGERNVLIFDLGGGTFDVSILTIDDGIFEVKATAGDTHLGGEDFDNRLVNHFVEEFKRKHKKDISQNKRAVRRLRTACERAKRTLSSSTQASLEIDSLFEGIDFYTSITRARFEELCSDLFRSTLEPVEKALRDAKLDKAQIHDLVLVGGSTRIPKVQKLLQDFFNGRDLNKSINPDEAVAYGAAVQAAILMGDKSENVQDLLLLDVAPLSLGLETAGGVMTALIKRNSTIPTKQTQIFTTYSDNQPGVLIQVYEGERAMTKDNNLLGRFELSGIPPAPRGVPQIEVTFDIDANGILNVTATDKSTGKANKITITNDKGRLSKEEIERMVQEAEKYKAEDEVQRERVSAKNALESYAFNMKSAVEDEGLKGKISEADKKKVLDKCQEVISWLDANTLAEKDEFEHKRKELEQVCNPIISGLYQGAGGPGPGGFGAQGPKGGSGSGPTIEEVD	MAKATGRYNLISPKKDLEKGVVLSDLCNFLVSQTIQGWKVYWAGIEFDVTHKGMALLHRLKTNDFAPAWSMTRNLFPHLFQNPNSTIESPLWALRVILAAGIQDQLIDQSLIEPLAGALGLISDWLLTTNTNHFNMRTQRVKEQLSLKMLSLIRSNILKFINKLDALHVVNYNGLLSSIEIGTQNHTIIITRTNMGFLVELQEPDKSAMNRMKPGPAKFSLLHESTLKAFTQGSSTRMQSLILEFNSSLAI	VirHostNet	HS71B_HUMAN	VP24_EBOZM	P0DMV9	Q05322	False
uniprotkb:P10412	uniprotkb:Q05322	uniprotkb:H14_HUMAN	uniprotkb:VP24_EBOZM	uniprotkb:H14_HUMAN	uniprotkb:VP24_EBOZM	psi-mi:MI:0004(affinity chromatography technology)	-	pubmed:25158218	9606	128952	psi-mi:MI:0915(physical association)	psi-mi:MI:1114(virhostnet)	virhostnet-rid:25376|virhostnet-nrid:24293	-	UNIPROT_AC:P10412	UNIPROT_AC:Q05322	ANIMAL	VIRUS	Homo sapiens	Zaire ebolavirus - Mayinga (Zaire, 1976)	MSETAPAAPAAPAPAEKTPVKKKARKSAGAAKRKASGPPVSELITKAVAASKERSGVSLAALKKALAAAGYDVEKNNSRIKLGLKSLVSKGTLVQTKGTGASGSFKLNKKAASGEAKPKAKKAGAAKAKKPAGAAKKPKKATGAATPKKSAKKTPKKAKKPAAAAGAKKAKSPKKAKAAKPKKAPKSPAKAKAVKPKAAKPKTAKPKAAKPKKAAAKKK	MAKATGRYNLISPKKDLEKGVVLSDLCNFLVSQTIQGWKVYWAGIEFDVTHKGMALLHRLKTNDFAPAWSMTRNLFPHLFQNPNSTIESPLWALRVILAAGIQDQLIDQSLIEPLAGALGLISDWLLTTNTNHFNMRTQRVKEQLSLKMLSLIRSNILKFINKLDALHVVNYNGLLSSIEIGTQNHTIIITRTNMGFLVELQEPDKSAMNRMKPGPAKFSLLHESTLKAFTQGSSTRMQSLILEFNSSLAI	VirHostNet	H14_HUMAN	VP24_EBOZM	P10412	Q05322	False
uniprotkb:P35613	uniprotkb:Q05322	uniprotkb:BASI_HUMAN	uniprotkb:VP24_EBOZM	uniprotkb:BASI_HUMAN	uniprotkb:VP24_EBOZM	psi-mi:MI:0004(affinity chromatography technology)	-	pubmed:25158218	9606	128952	psi-mi:MI:0915(physical association)	psi-mi:MI:1114(virhostnet)	virhostnet-rid:25331|virhostnet-nrid:24250	-	UNIPROT_AC:P35613	UNIPROT_AC:Q05322	ANIMAL	VIRUS	Homo sapiens	Zaire ebolavirus - Mayinga (Zaire, 1976)	MAAALFVLLGFALLGTHGASGAAGFVQAPLSQQRWVGGSVELHCEAVGSPVPEIQWWFEGQGPNDTCSQLWDGARLDRVHIHATYHQHAASTISIDTLVEEDTGTYECRASNDPDRNHLTRAPRVKWVRAQAVVLVLEPGTVFTTVEDLGSKILLTCSLNDSATEVTGHRWLKGGVVLKEDALPGQKTEFKVDSDDQWGEYSCVFLPEPMGTANIQLHGPPRVKAVKSSEHINEGETAMLVCKSESVPPVTDWAWYKITDSEDKALMNGSESRFFVSSSQGRSELHIENLNMEADPGQYRCNGTSSKGSDQAIITLRVRSHLAALWPFLGIVAEVLVLVTIIFIYEKRRKPEDVLDDDDAGSAPLKSSGQHQNDKGKNVRQRNSS	MAKATGRYNLISPKKDLEKGVVLSDLCNFLVSQTIQGWKVYWAGIEFDVTHKGMALLHRLKTNDFAPAWSMTRNLFPHLFQNPNSTIESPLWALRVILAAGIQDQLIDQSLIEPLAGALGLISDWLLTTNTNHFNMRTQRVKEQLSLKMLSLIRSNILKFINKLDALHVVNYNGLLSSIEIGTQNHTIIITRTNMGFLVELQEPDKSAMNRMKPGPAKFSLLHESTLKAFTQGSSTRMQSLILEFNSSLAI	VirHostNet	BASI_HUMAN	VP24_EBOZM	P35613	Q05322	False
uniprotkb:Q96AX9	uniprotkb:Q05127	uniprotkb:MIB2_HUMAN	uniprotkb:VP35_EBOZM	uniprotkb:MIB2_HUMAN	uniprotkb:VP35_EBOZM	psi-mi:MI:0676(tandem affinity purification)	-	pubmed:22810585	9606	128952	psi-mi:MI:0915(physical association)	psi-mi:MI:1114(virhostnet)	virhostnet-rid:19137|virhostnet-nrid:18220	-	UNIPROT_AC:Q96AX9	UNIPROT_AC:Q05127	ANIMAL	VIRUS	Homo sapiens	Zaire ebolavirus - Mayinga (Zaire, 1976)	MGWKPSEARGQSQSFQASGLQPRSLKAARRATGRPDRSRAARPTMDPSAHRSRAAPPNMDPDPQAGVQVGMRVVRGVDWKWGQQDGGEGGVGTVVELGRHGSPSTPDRTVVVQWDQGTRTNYRAGYQGAHDLLLYDNAQIGVRHPNIICDCCKKHGLRGMRWKCRVCLDYDLCTQCYMHNKHELAHAFDRYETAHSRPVTLSPRQGLPRIPLRGIFQGAKVVRGPDWEWGSQDGGEGKPGRVVDIRGWDVETGRSVASVTWADGTTNVYRVGHKGKVDLKCVGEAAGGFYYKDHLPRLGKPAELQRRVSADSQPFQHGDKVKCLLDTDVLREMQEGHGGWNPRMAEFIGQTGTVHRITDRGDVRVQFNHETRWTFHPGALTKHHSFWVGDVVRVIGDLDTVKRLQAGHGEWTDDMAPALGRVGKVVKVFGDGNLRVAVAGQRWTFSPSCLVAYRPEEDANLDVAERARENKSSLSVALDKLRAQKSDPEHPGRLVVEVALGNAARALDLLRRRPEQVDTKNQGRTALQVAAYLGQVELIRLLLQARAGVDLPDDEGNTALHYAALGNQPEATRVLLSAGCRADAINSTQSTALHVAVQRGFLEVVRALCERGCDVNLPDAHSDTPLHSAISAGTGASGIVEVLTEVPNIDVTATNSQGFTLLHHASLKGHALAVRKILARARQLVDAKKEDGFTALHLAALNNHREVAQILIREGRCDVNVRNRKLQSPLHLAVQQAHVGLVPLLVDAGCSVNAEDEEGDTALHVALQRHQLLPLVADGAGGDPGPLQLLSRLQASGLPGSAELTVGAAVACFLALEGADVSYTNHRGRSPLDLAAEGRVLKALQGCAQRFRERQAGGGAAPGPRQTLGTPNTVTNLHVGAAPGPEAAECLVCSELALLVLFSPCQHRTVCEECARRMKKCIRCQVVVSKKLRPDGSEVASAAPAPGPPRQLVEELQSRYRQMEERITCPICIDSHIRLVFQCGHGACAPCGSALSACPICRQPIRDRIQIFV	MTTRTKGRGHTAATTQNDRMPGPELSGWISEQLMTGRIPVSDIFCDIENNPGLCYASQMQQTKPNPKTRNSQTQTDPICNHSFEEVVQTLASLATVVQQQTIASESLEQRITSLENGLKPVYDMAKTISSLNRVCAEMVAKYDLLVMTTGRATATAAATEAYWAEHGQPPPGPSLYEESAIRGKIESRDETVPQSVREAFNNLNSTTSLTEENFGKPDISAKDLRNIMYDHLPGFGTAFHQLVQVICKLGKDSNSLDIIHAEFQASLAEGDSPQCALIQITKRVPIFQDAAPPVIHIRSRGDIPRACQKSLRPVPPSPKIDRGWVCVFQLQDGKTLGLKI	VirHostNet	MIB2_HUMAN	VP35_EBOZM	Q96AX9	Q05127	False
uniprotkb:Q9Y5M8	uniprotkb:Q05322	uniprotkb:SRPRB_HUMAN	uniprotkb:VP24_EBOZM	uniprotkb:SRPRB_HUMAN	uniprotkb:VP24_EBOZM	psi-mi:MI:0004(affinity chromatography technology)	-	pubmed:25158218	9606	128952	psi-mi:MI:0915(physical association)	psi-mi:MI:1114(virhostnet)	virhostnet-rid:25372|virhostnet-nrid:24289	-	UNIPROT_AC:Q9Y5M8	UNIPROT_AC:Q05322	ANIMAL	VIRUS	Homo sapiens	Zaire ebolavirus - Mayinga (Zaire, 1976)	MASADSRRVADGGGAGGTFQPYLDTLRQELQQTDPTLLSVVVAVLAVLLTLVFWKLIRSRRSSQRAVLLVGLCDSGKTLLFVRLLTGLYRDTQTSITDSCAVYRVNNNRGNSLTLIDLPGHESLRLQFLERFKSSARAIVFVVDSAAFQREVKDVAEFLYQVLIDSMGLKNTPSFLIACNKQDIAMAKSAKLIQQQLEKELNTLRVTRSAAPSTLDSSSTAPAQLGKKGKEFEFSQLPLKVEFLECSAKGGRGDVGSADIQDLEKWLAKIA	MAKATGRYNLISPKKDLEKGVVLSDLCNFLVSQTIQGWKVYWAGIEFDVTHKGMALLHRLKTNDFAPAWSMTRNLFPHLFQNPNSTIESPLWALRVILAAGIQDQLIDQSLIEPLAGALGLISDWLLTTNTNHFNMRTQRVKEQLSLKMLSLIRSNILKFINKLDALHVVNYNGLLSSIEIGTQNHTIIITRTNMGFLVELQEPDKSAMNRMKPGPAKFSLLHESTLKAFTQGSSTRMQSLILEFNSSLAI	VirHostNet	SRPRB_HUMAN	VP24_EBOZM	Q9Y5M8	Q05322	False
